ID,Description,GeneRatio,BgRatio,RichFactor,FoldEnrichment,zScore,pvalue,p.adjust,qvalue,geneID,Count
GO:0050900,leukocyte migration,128/1424,459/21338,0.2788671023965142,4.178698195882598,18.40955169981787,4.7271024465519524e-46,2.617396624655816e-42,1.8361061081870216e-42,CD99/ITGA3/CCL26/SELE/ALOX5/CD74/ARHGEF5/CNN2/SPI1/B4GALT1/ICAM1/HSD3B7/HMOX1/RIN3/HCK/CCL22/PYCARD/TGFB1/SERPINE1/RARRES2/GATA3/CXCL12/CCL7/CCL2/CCL8/CRTAM/CD69/SELPLG/ADTRP/BMP5/PERP/THBS4/CCL20/IL1R1/SLAMF1/CSF3R/DUSP1/PTK2B/CCR2/CXCR4/NCKAP1L/TNFAIP6/EDN3/XG/TREM1/CXCL6/IL1B/C3/TNFSF14/ADGRE2/RAC2/RIPK3/FOXJ1/LBP/GDF15/LGALS3/SWAP70/LYVE1/C5AR2/ANXA1/ITGA7/IL6/MYO1G/IL10/THBS1/CYP19A1/EMILIN1/CH25H/TNFRSF11A/VAV1/TRPM2/NLRP12/ECM1/S100A8/VEGFC/ADAM8/CXCL13/MMP14/TNFRSF14/SLAMF8/F11R/FCER1G/AIRE/ITGB2/CCR5/CXCL16/VCAM1/S100A9/S100A12/CXCR1/ADORA1/CD200R1/IL17RC/CXCL3/CXCL5/PPBP/CCR1/ITGA2/F2RL1/CXCL10/CXCL11/CXCL8/GPR183/PDGFD/FPR2/PTGER4/C3AR1/CCL19/SAA1/CMKLR1/CHST2/CCL13/CSF1R/LCK/GAS6/CSF1/CXCR3/TNFRSF18/GCNT1/SELL/C5AR1/ELANE/DPP4/AIF1/CD177/GPSM3/LYN/CCL5,128
GO:0060326,cell chemotaxis,105/1424,384/21338,0.2734375,4.097338044241573,16.378086904336662,5.194207246904901e-37,1.4380162763056219e-33,1.0087697232146888e-33,CCL26/ALOX5/CD74/ARHGEF5/SPI1/CXCL2/NRP1/HSD3B7/RIN3/CCL22/HSPB1/SERPINE1/RARRES2/ENG/CXCL12/CCL7/CCL2/CCL8/PERP/HBEGF/LOX/THBS4/FGF1/CCL20/SLAMF1/CSF3R/DUSP1/PTK2B/CCR2/CXCR4/NCKAP1L/TNFAIP6/EDN3/TREM1/CXCL6/IL1B/C3/TNFSF14/ADGRE2/RAC2/LBP/LGALS3/SWAP70/C5AR2/ANXA1/IL6/IL10/THBS1/CYP19A1/CH25H/TNFRSF11A/VAV1/TRPM2/EPHA2/RAB13/S100A8/AGTR1/CXCL14/TPBG/VEGFC/ADAM8/CXCL13/SLAMF8/FCER1G/ITGB2/CCR5/CXCL16/VCAM1/S100A9/S100A12/CXCR1/IL17RC/CXCL3/CXCL5/PPBP/CXCL1/CCR1/PRKCD/F2RL1/CXCL10/CXCL11/CXCL8/GPR183/HOXB9/PDGFD/FPR2/C3AR1/CCL19/SAA1/XCR1/CMKLR1/EGR3/CCL13/CSF1R/GAS6/CCR4/CSF1/CXCR3/C5AR1/DPP4/AIF1/GPSM3/LYN/CCL5/CCL18,105
GO:0070661,leukocyte proliferation,108/1424,461/21338,0.23427331887201736,3.5104803919179113,14.571882901233735,1.5297647035179303e-31,2.117576790844695e-28,1.4854820410476746e-28,CD4/TYROBP/CD6/SLC11A1/CD74/SH2D2A/TNFRSF1B/TNFRSF9/CNN2/FGF10/FCGR2B/FOSL2/PTPRC/CD209/CSF2RB/CD40/NFATC2/ELF4/TNFSF13B/PYCARD/CD37/LILRB1/RASAL3/TGFB1/TNFSF8/CCL8/CRTAM/TCIRG1/PTPN6/PRLR/CD86/IL1A/SLAMF1/TNFSF4/TNFAIP3/CD274/CLU/CCR2/SASH3/NCKAP1L/SDC4/CDKN1A/IRF1/IL1B/CD70/TNFSF14/STAT5A/PLA2G5/TICAM1/RAC2/TWSG1/RIPK3/FOXJ1/BST2/LILRB2/IDO1/LGALS3/PTPN22/IL2RA/DOCK2/ANXA1/HAVCR2/GPNMB/IL6/IL10/ERBB2/VAV1/NFKBIZ/IL18/VSIG4/TNFRSF14/CD1D/IKZF3/TNFSF13/LAPTM5/VCAM1/TGFBR2/MNDA/CTLA4/PRKCD/IL15/F2RL1/SHH/STAT6/IL7R/GPR183/MZB1/JUNB/CEBPB/CCL19/CLCF1/GAPT/CD151/CSF1R/CSF1/PLA2G2A/HLA-DRB1/PDCD1LG2/CD3E/CR1/FCGR3A/AIF1/HLA-E/HLA-DPB1/HLA-DMB/LYN/RASSF5/CCL5,108
GO:0002685,regulation of leukocyte migration,80/1424,274/21338,0.291970802919708,4.3750512589190516,15.035838535359224,1.4654756766580982e-30,1.622867764331178e-27,1.1384432098670279e-27,CD99/SELE/CD74/CNN2/SPI1/ICAM1/HMOX1/RIN3/PYCARD/TGFB1/SERPINE1/RARRES2/CXCL12/CCL7/CCL2/CCL8/CD69/ADTRP/BMP5/PERP/THBS4/CCL20/IL1R1/SLAMF1/DUSP1/PTK2B/CCR2/NCKAP1L/TNFAIP6/EDN3/XG/TNFSF14/RAC2/RIPK3/LBP/GDF15/LGALS3/SWAP70/LYVE1/C5AR2/ANXA1/IL6/THBS1/CYP19A1/EMILIN1/ECM1/VEGFC/ADAM8/CXCL13/MMP14/TNFRSF14/SLAMF8/AIRE/ADORA1/CD200R1/CCR1/ITGA2/F2RL1/CXCL10/CXCL8/PDGFD/FPR2/PTGER4/C3AR1/CCL19/CMKLR1/CHST2/CSF1R/GAS6/CSF1/CXCR3/TNFRSF18/GCNT1/C5AR1/ELANE/DPP4/AIF1/GPSM3/LYN/CCL5,80
GO:0002274,myeloid leukocyte activation,86/1424,317/21338,0.27129337539432175,4.065209300676992,14.70298457183153,3.4158485385089675e-30,3.1522588929540256e-27,2.2113124749294898e-27,MCUB/TYROBP/SLC11A1/CD74/LCP2/SPI1/IFI35/FCGR2B/IL4R/CST7/PTPRC/FOXF1/PYCARD/NDRG1/RELB/CD37/TGFB1/CD33/CTSC/LTBR/PTPN6/FN1/IL1RL1/IL18RAP/CD2/SLAMF1/MMP8/VAMP8/CLU/CCR2/NMI/CXCL6/NR1D1/ADGRE2/TICAM1/RAC2/LBP/PRAM1/DOCK2/ANXA1/HAVCR2/IL6/IL10/THBS1/CALHM2/TSLP/IL18/VSIG4/BATF/FCER1G/ITGB2/S100A12/TGFBR2/ZC3H12A/PRKCD/CAMP/IL15/F2RL1/IL31RA/CLEC4D/BATF2/RHOH/SCNN1B/ADAM9/CXCL8/ITGAM/FPR2/CLEC12A/C1QA/FCER1A/FES/CSF1/TAFA3/CD300LF/FCAR/PLA2G2A/PLSCR1/S100A13/C5AR1/PLCG2/FCGR3A/AIF1/CD177/LYN/CCL5/MILR1,86
GO:0030198,extracellular matrix organization,94/1424,385/21338,0.24415584415584415,3.658565591711659,14.076576982329026,4.981760940284865e-29,3.448001290794662e-26,2.4187760354804147e-26,TNFRSF1B/IBSP/TNFRSF1A/BCL3/FBLN1/FAP/B4GALT1/ADAMTS2/LAMB1/PAPLN/CST3/CRISPLD2/FOXF1/TGFB1/HAS1/COMP/CAV1/AEBP1/ECM2/ENG/SPOCK2/COL1A1/COL12A1/ADTRP/NR2E1/LOX/NID1/MMP8/TGFBI/FMOD/MMP19/LOXL1/COL5A1/POSTN/LOXL2/IL6/MMP7/MMP13/CYP1B1/EMILIN1/LOXL4/ADAMTS14/SLC39A8/LUM/FBLN5/FURIN/COL6A1/CCN1/DPT/SFRP2/SERPINH1/P4HA3/MMP3/ADAMTS12/ADAM8/DMP1/ADAMTS1/MMP14/CREB3L1/RUNX1/PDPN/DDR2/OLFML2B/CTSS/ELF3/PTX3/ITGA2/EGFLAM/COL1A2/TNFRSF11B/SPINT1/MFAP4/MMP10/COL3A1/NPNT/COL8A2/LAMB2/TPSAB1/EFEMP2/COL6A5/FOXC2/ANXA2/GAS6/COL14A1/LAMA2/MMP1/SLC2A10/ELANE/COL4A6/DPP4/EGFL6/COL5A2/C6orf15/VIT,94
GO:0046651,lymphocyte proliferation,96/1424,412/21338,0.23300970873786409,3.4915457619722923,13.655788681653897,6.213583929786642e-28,2.8670511849357197e-25,2.0112390088519922e-25,CD4/TYROBP/CD6/SLC11A1/CD74/SH2D2A/TNFRSF1B/TNFRSF9/FGF10/FCGR2B/FOSL2/PTPRC/CD209/CD40/NFATC2/ELF4/TNFSF13B/PYCARD/CD37/LILRB1/RASAL3/TGFB1/TNFSF8/CRTAM/PTPN6/PRLR/CD86/IL1A/SLAMF1/TNFSF4/CD274/CCR2/SASH3/NCKAP1L/SDC4/CDKN1A/IRF1/IL1B/CD70/TNFSF14/STAT5A/PLA2G5/TICAM1/RAC2/TWSG1/RIPK3/FOXJ1/LILRB2/IDO1/LGALS3/PTPN22/IL2RA/DOCK2/ANXA1/HAVCR2/GPNMB/IL6/IL10/ERBB2/VAV1/NFKBIZ/IL18/VSIG4/TNFRSF14/CD1D/IKZF3/TNFSF13/LAPTM5/VCAM1/TGFBR2/MNDA/CTLA4/PRKCD/IL15/SHH/IL7R/GPR183/MZB1/CEBPB/CCL19/CLCF1/GAPT/CD151/PLA2G2A/HLA-DRB1/PDCD1LG2/CD3E/CR1/FCGR3A/AIF1/HLA-E/HLA-DPB1/HLA-DMB/LYN/RASSF5/CCL5,96
GO:0070663,regulation of leukocyte proliferation,92/1424,387/21338,0.23772609819121446,3.5622187382051504,13.602280578308989,1.6860360000702354e-27,7.181216409529918e-25,5.037629830169367e-25,CD4/TYROBP/CD6/CD74/TNFRSF1B/TNFRSF9/CNN2/FGF10/FCGR2B/PTPRC/CD209/CSF2RB/CD40/NFATC2/TNFSF13B/PYCARD/CD37/LILRB1/RASAL3/TGFB1/TNFSF8/CCL8/CRTAM/PTPN6/PRLR/CD86/IL1A/SLAMF1/TNFSF4/TNFAIP3/CD274/CCR2/SASH3/NCKAP1L/SDC4/CDKN1A/IRF1/IL1B/CD70/STAT5A/PLA2G5/TICAM1/RAC2/TWSG1/RIPK3/FOXJ1/BST2/LILRB2/IDO1/LGALS3/PTPN22/IL2RA/ANXA1/HAVCR2/GPNMB/IL6/IL10/ERBB2/IL18/VSIG4/TNFRSF14/CD1D/IKZF3/TNFSF13/LAPTM5/VCAM1/TGFBR2/MNDA/CTLA4/IL15/SHH/STAT6/GPR183/MZB1/CEBPB/CCL19/CLCF1/CSF1R/CSF1/PLA2G2A/HLA-DRB1/PDCD1LG2/CD3E/CR1/FCGR3A/AIF1/HLA-E/HLA-DPB1/HLA-DMB/LYN/RASSF5/CCL5,92
GO:0030217,T cell differentiation,89/1424,379/21338,0.23482849604221637,3.5187994722955147,13.230319790405687,3.1731340671005274e-26,1.235009122280052e-23,8.663600203821928e-24,CD4/CD74/TNFRSF9/PRDM1/SPI1/BCL3/GLI2/FOSL2/IL4R/PTPRC/LGALS1/RELB/TGFB1/JAK3/TNFSF8/GATA3/CRTAM/TCIRG1/CD69/VNN1/CD86/IL1A/IL18R1/CD2/TNFSF4/EGR1/CCR2/SASH3/NCKAP1L/PCK1/RUNX2/IRF1/IL1B/STAT5A/RIPK3/FOXJ1/LILRB2/PTPN22/RSAD2/IL2RA/DOCK2/ANXA1/CTSL/IL6/HLX/IL36B/STAT4/GPR65/ERBB2/VAV1/NFKBIZ/IL2RG/IL18/ADAM8/MR1/FZD7/BATF/CD1D/FCER1G/RUNX1/AIRE/CD3G/IKZF3/NLRP3/SLAMF6/TGFBR2/CTLA4/ZC3H12A/IL15/SHH/CLEC4D/STAT6/CD3D/RHOH/IL7R/GPR183/JUNB/PTGER4/CCL19/EGR3/LCK/SOCS3/SOCS1/HLA-DRB1/CD3E/CR1/MAFB/HLA-DOA/HLA-DRA,89
GO:0050729,positive regulation of inflammatory response,66/1424,222/21338,0.2972972972972973,4.45486638323717,13.837076377203601,6.54674921422969e-26,2.2655843999493623e-23,1.589309513191287e-23,CASP8/TNFRSF1A/IFI35/PTGS2/MGST2/OSM/LGALS1/PYCARD/CCN4/GSDMD/TGFB1/NKG7/SERPINE1/MAP3K8/CCL7/CTSC/GZMK/IL1RL1/GBP3/GBP1/TNFSF4/MMP8/VAMP8/CCR2/NMI/IL1B/C3/STAT5A/LBP/IDO1/IL6/TLR2/CASP1/CASP5/TNFRSF11A/NLRP12/S100A8/NFKBIZ/AGTR1/OSMR/TSLP/FCGR1A/IL18/ADAM8/GBP5/MAPK13/FCER1G/NLRP3/S100A9/S100A12/CCR1/IL15/PTGER4/CEBPB/NLRP6/NUPR1/TAFA3/LILRA5/PLA2G2A/TLR7/CASP4/PLCG2/C2CD4A/HLA-E/GPSM3/CCL5,66
GO:0050670,regulation of lymphocyte proliferation,84/1424,353/21338,0.23796033994334279,3.565728745583601,12.998284180777608,3.151662749497208e-25,1.0265150967038847e-22,7.201012721761423e-23,CD4/TYROBP/CD6/CD74/TNFRSF1B/TNFRSF9/FGF10/FCGR2B/PTPRC/CD209/CD40/NFATC2/TNFSF13B/PYCARD/CD37/LILRB1/RASAL3/TGFB1/TNFSF8/CRTAM/PTPN6/PRLR/CD86/IL1A/SLAMF1/TNFSF4/CD274/CCR2/SASH3/NCKAP1L/SDC4/CDKN1A/IRF1/IL1B/CD70/STAT5A/PLA2G5/TICAM1/RAC2/TWSG1/RIPK3/FOXJ1/LILRB2/IDO1/LGALS3/PTPN22/IL2RA/ANXA1/HAVCR2/GPNMB/IL6/IL10/ERBB2/IL18/VSIG4/TNFRSF14/CD1D/IKZF3/TNFSF13/LAPTM5/VCAM1/TGFBR2/MNDA/CTLA4/IL15/SHH/GPR183/MZB1/CEBPB/CCL19/CLCF1/PLA2G2A/HLA-DRB1/PDCD1LG2/CD3E/CR1/FCGR3A/AIF1/HLA-E/HLA-DPB1/HLA-DMB/LYN/RASSF5/CCL5,84
GO:0002263,cell activation involved in immune response,87/1424,387/21338,0.2248062015503876,3.3686198937374794,12.574505016910054,2.9642478223750068e-24,8.6384422065739e-22,6.05987504961982e-22,TYROBP/SLC11A1/CD74/SPI1/IFI35/BCL3/RAB27A/FCGR2B/IL4R/PTPRC/ICAM1/LGALS1/CD40/FOXF1/PYCARD/RELB/LILRB1/TGFB1/NKG7/JAK3/GATA3/POU2AF1/CD69/PTPN6/CD86/IL18R1/SLAMF1/TNFSF4/VAMP8/PTK2B/CCR2/CD244/NCKAP1L/NMI/PCK1/STAT5A/ADGRE2/TICAM1/RAC2/LBP/LGALS3/PRAM1/SWAP70/DOCK2/ANXA1/HAVCR2/IL6/HLX/IL10/STAT4/GPR65/NFKBIZ/IL18/BATF/CD1C/FCER1G/ITGB2/TNFSF13/NLRP3/SLAMF6/ZC3H12A/F2RL1/CLEC4D/STAT6/SCNN1B/GPR183/ITGAM/JUNB/PTGER4/CLEC12A/CCL19/CLCF1/GAPT/TCIM/FCER1A/FES/SOCS3/S100A13/HLA-DRB1/PLCG2/CR1/FCGR3A/HLA-DRA/CD177/HLA-DMB/LYN/MILR1,87
GO:0032496,response to lipopolysaccharide,90/1424,418/21338,0.215311004784689,3.22633863770765,12.292520638714684,1.1917551616705784e-23,2.9994310591681786e-21,2.1041036107963805e-21,NOS2/SELE/FMO1/LTF/CD6/SLC11A1/VIM/TNFRSF1B/CASP8/SPI1/FGF10/FOSL2/OPRK1/MGST2/IRAK3/CSF2RB/CD40/HCK/ACP5/PYCARD/LILRB1/SERPINE1/CSF3/CCL2/IL10RA/PTPN6/CD86/IL1A/GBP3/TNFSF4/MMP8/TNFAIP3/CD274/TRIM6/PTGFR/SLPI/CXCL6/PTGER2/IL1B/NR1D1/TICAM1/ZFP36/LOXL1/LBP/ASS1/LILRB2/IDO1/IRAK2/PTPN22/HAVCR2/IL6/IL10/IL36B/TLR2/CASP1/TNFRSF11A/COL6A1/S100A8/NFKBIZ/LCN2/MMP3/IL18/CD96/GBP5/LY96/CXCL13/SPON2/CCR5/VCAM1/NLRP3/CXCL5/PPBP/ZC3H12A/CAMP/C2/NOD2/ADAM9/CXCL10/CXCL8/CD14/CEBPB/THBD/FCAR/TLR5/ELANE/PDCD1LG2/PLCG2/CARD16/LYN/MRC1,90
GO:0006909,phagocytosis,72/1424,288/21338,0.25,3.7461376404494384,12.546856085095207,3.853117822803364e-23,8.53388535394489e-21,5.986528322587122e-21,NOS2/TYROBP/SLC11A1/MARCO/MSR1/CYBA/CNN2/RAB27A/FCGR2B/PTPRC/FCN1/SIRPG/NCF4/IL2RB/SIRPB1/HCK/SRPX/PYCARD/TGFB1/CEACAM4/CCL2/RAB34/GZMK/NCF2/SLAMF1/COLEC11/CCR2/NCKAP1L/C4BPA/C3/PLA2G5/LBP/IL15RA/DOCK2/ANXA1/MYO1G/TLR2/THBS1/RAB20/VAV1/FCN3/FCGR2A/TIMD4/IL2RG/FCGR1A/COLEC12/FCER1G/C1R/SPON2/ITGB2/ADORA1/PTX3/PRKCD/IL15/ITGA2/F2RL1/C2/ITGAM/CD14/FPR2/P2RY6/CLEC7A/C1S/GAS6/CD300LF/PLSCR1/ELANE/PLCG2/TGM2/AIF1/CD302/LYN,72
GO:0051251,positive regulation of lymphocyte activation,97/1424,493/21338,0.19675456389452334,2.9482787109419517,11.703506932906228,2.315061324957483e-22,4.9301902139575315e-20,3.4585329105640134e-20,CD4/TYROBP/CD6/CD74/SPI1/FGF10/GLI2/IL4R/PTPRC/SIRPG/CD209/LGALS1/CD40/NFATC2/SIRPB1/TNFSF13B/PYCARD/LILRB1/RASAL3/TGFB1/CAV1/GATA3/MAP3K8/CCL2/PTPN6/VNN1/PRLR/CD86/IL1A/SLAMF1/TNFSF4/CD274/CCR2/SASH3/NCKAP1L/PCK1/CDKN1A/IL1B/CD70/TNFSF14/STAT5A/TICAM1/LILRB2/IL2RA/IL15RA/ANXA1/HAVCR2/IL6/HLX/IL10/IL36B/GPR65/VAV1/NFKBIZ/IL2RG/IL18/ADAM8/MMP14/TNFRSF14/CD1D/RUNX1/TNFSF13/VCAM1/NLRP3/TGFBR2/IL15/SHH/STAT6/NOD2/RHOH/IL7R/GPR183/CLEC7A/CCL19/CLCF1/HLA-DQB1/EGR3/LCK/GAS6/SOCS1/HLA-DRB1/HLA-DQA1/DPP4/PDCD1LG2/CD3E/CR1/FCGR3A/HLA-DOA/HLA-DMA/HLA-DRA/AIF1/HLA-E/HLA-DPB1/HLA-DQB2/HLA-DMB/LYN/CCL5,97
GO:0006959,humoral immune response,87/1424,415/21338,0.20963855421686747,3.1413395153648302,11.77985715257931,4.501739710132714e-22,9.231901027779569e-20,6.476186951418993e-20,CFH/CCL26/LTF/ALOX5/SLC11A1/C6/BCL3/FCGR2B/CXCL2/PTPRC/FCN1/LYZ/CCL22/CD37/HAMP/RARRES2/GATA3/CXCL12/CCL7/CCL2/CCL8/POU2AF1/PTPN6/C7/GZMK/CCL20/REG1A/COLEC11/CLU/CCR2/C4BPA/PI3/SLPI/TREM1/CXCL6/IL1B/C3/FOXJ1/LGALS3/JCHAIN/IL6/MMP7/C1RL/GATA6/FCN3/TSLP/CXCL14/ADM/SERPING1/VSIG4/CXCL13/C1QC/C1R/SPON2/AIRE/S100A9/S100A12/CXCL3/CXCL5/PPBP/CXCL1/CAMP/C2/CXCL10/CXCL11/RNASE3/RNASE6/CXCL8/GPR183/CCL19/C1QB/C1QA/A2M/HLA-DQB1/CCL13/C1S/SH2D1A/HLA-DRB1/ELANE/CFD/CR1/HLA-E/CFI/ANG/CFB/CCL5/CCL18,87
GO:0050866,negative regulation of cell activation,70/1424,298/21338,0.2348993288590604,3.5198608702209486,11.713973812129872,7.074859163652566e-21,1.350810178936009e-18,9.475945667469318e-19,HFE/TYROBP/CD74/FCGR2B/IL4R/CST7/PTPRC/LGALS1/CD37/LILRB1/TGFB1/CD33/JAK3/CRTAM/CD69/PTPN6/CD86/FN1/TNFSF4/TNFAIP3/CD274/LAX1/SDC4/IRF1/NR1D1/STAT5A/PLA2G5/TWSG1/FOXJ1/LILRB2/IDO1/LGALS3/PTPN22/IL2RA/ANXA1/HAVCR2/GPNMB/HLX/IL10/EMILIN1/ERBB2/BANK1/SAMSN1/VSIG4/TNFRSF14/RUNX1/CYGB/LAPTM5/MNDA/CTLA4/ZC3H12A/PRKCD/IL31RA/SHH/CEBPB/CLEC12A/C1QTNF1/THBD/TAFA3/SOCS1/CD300LF/PLA2G2A/HLA-DRB1/PDCD1LG2/CR1/MICA/HLA-E/LYN/RASSF5/MILR1,70
GO:1902105,regulation of leukocyte differentiation,85/1424,419/21338,0.20286396181384247,3.039825292966131,11.276438247041373,1.2862692295578026e-20,2.374024241353851e-18,1.6653801603748394e-18,TMEM176A/CD4/TYROBP/LTF/CD74/PRDM1/CASP8/SPI1/FCGR2B/GLI2/IL4R/PTPRC/LGALS1/LILRB1/TGFB1/JAK3/TMEM176B/GATA3/CRTAM/CD69/PTPN6/VNN1/CD86/CD2/TNFSF4/CCR2/SASH3/NCKAP1L/TNFAIP6/PCK1/IRF1/STAT5A/LIF/FOXJ1/LILRB2/IL2RA/IL15RA/ANXA1/HLX/IL10/IL36B/GPR65/TNFRSF11A/ERBB2/NFKBIZ/IL2RG/IL18/ADAM8/BATF/MMP14/SLAMF8/C1QC/RUNX1/IKZF3/NLRP3/TGFBR2/CTLA4/CCR1/ZC3H12A/IL15/SHH/TNFRSF11B/FBN1/RHOH/IL7R/JUNB/CEBPB/CLEC12A/CCL19/EGR3/HCLS1/FES/LCK/GAS6/CSF1/SOCS1/EVI2B/HLA-DRB1/CR1/MAFB/HLA-DOA/HLA-DRA/LILRB3/NFAM1/LYN,85
GO:0002526,acute inflammatory response,44/1424,129/21338,0.34108527131782945,5.11100949394652,12.523498286802305,2.5363827113666734e-20,4.530306797689443e-18,3.1780143310502637e-18,CD6/FCGR2B/PTGS2/B4GALT1/OSM/GATA3/VNN1/IL1A/FN1/F3/TNFSF4/IL1B/C3/LBP/ASS1/SAA2/IL6/IL1RN/TNFRSF11A/FCGR2A/OSMR/PTGES/LCN2/FCGR1A/ADAM8/FCER1G/NLRP3/ADORA1/IL31RA/CEBPB/SAA1/NLRP6/NUPR1/CD163/FCER1A/PLSCR1/SERPINA3/SERPINA1/ELANE/C2CD4A/FCGR3A/HLA-E/ORM1/HP,44
GO:1903039,positive regulation of leukocyte cell-cell adhesion,87/1424,443/21338,0.1963882618510158,2.9427898394501226,11.049660148214679,4.134885934294546e-20,6.9378373994511815e-18,4.866899233667265e-18,SELE/CD4/ALOX5/CD6/CD74/CD44/GLI2/IL4R/PTPRC/SIRPG/CD209/LGALS1/SIRPB1/TNFSF13B/PYCARD/LILRB1/RASAL3/TGFB1/CAV1/GATA3/MAP3K8/CCL2/PTPN6/VNN1/CD86/IL1A/SLAMF1/TNFSF4/CD274/CCR2/SASH3/NCKAP1L/PCK1/IL1B/CD70/TNFSF14/STAT5A/LILRB2/IL2RA/ANXA1/HAVCR2/IL6/HLX/IL36B/GPR65/SKAP1/VAV1/NFKBIZ/IL2RG/IL18/ADAM8/TNFRSF14/CD1D/RUNX1/ITGB2/VCAM1/NLRP3/TGFBR2/IL15/SHH/NOD2/RHOH/IL7R/CCL19/CHST2/HLA-DQB1/EGR3/LCK/SOCS1/GCNT1/HLA-DRB1/HLA-DQA1/ELANE/DPP4/PDCD1LG2/CD3E/CR1/HLA-DOA/HLA-DMA/HLA-DRA/AIF1/HLA-E/HLA-DPB1/HLA-DQB2/HLA-DMB/LYN/CCL5,87
GO:0071706,tumor necrosis factor superfamily cytokine production,61/1424,249/21338,0.24497991967871485,3.670913993050855,11.336369824683871,2.5332352827890134e-19,3.790952367784532e-17,2.6593565273090925e-17,TYROBP/LTF/CYBA/BCL3/FCGR2B/PTPRC/OAS1/IRAK3/NFATC4/ELF4/ACP5/PYCARD/LILRB1/TGFB1/CD33/HSPB1/OAS2/PTPN6/CD86/IL1A/ERRFI1/CD2/SLAMF1/MMP8/TNFAIP3/CD274/CLU/TNFRSF8/CCR2/SASH3/TICAM1/ZFP36/LBP/PTPN22/C5AR2/HAVCR2/GPNMB/IL6/IL10/TLR2/THBS1/FCGR2A/FCGR1A/ADAM8/ANGPT1/LY96/FCER1G/SPON2/ZC3H12A/CAMP/CYBB/NOD2/CD14/CLEC7A/CCL19/GAS6/LILRA5/PLCG2/FCGR3A/HLA-E/ORM1,61
GO:1903555,regulation of tumor necrosis factor superfamily cytokine production,61/1424,249/21338,0.24497991967871485,3.670913993050855,11.336369824683871,2.5332352827890134e-19,3.790952367784532e-17,2.6593565273090925e-17,TYROBP/LTF/CYBA/BCL3/FCGR2B/PTPRC/OAS1/IRAK3/NFATC4/ELF4/ACP5/PYCARD/LILRB1/TGFB1/CD33/HSPB1/OAS2/PTPN6/CD86/IL1A/ERRFI1/CD2/SLAMF1/MMP8/TNFAIP3/CD274/CLU/TNFRSF8/CCR2/SASH3/TICAM1/ZFP36/LBP/PTPN22/C5AR2/HAVCR2/GPNMB/IL6/IL10/TLR2/THBS1/FCGR2A/FCGR1A/ADAM8/ANGPT1/LY96/FCER1G/SPON2/ZC3H12A/CAMP/CYBB/NOD2/CD14/CLEC7A/CCL19/GAS6/LILRA5/PLCG2/FCGR3A/HLA-E/ORM1,61
GO:0046631,alpha-beta T cell activation,65/1424,282/21338,0.23049645390070922,3.453885767790262,11.092600747118576,5.103983208624719e-19,7.246347442603865e-17,5.08331930899466e-17,HFE/PRDM1/BCL3/FOSL2/IL4R/PTPRC/LGALS1/ELF4/RELB/LILRB1/RASAL3/NKG7/JAK3/TNFSF8/GATA3/CRTAM/TCIRG1/CD69/CLEC2B/CD86/IL18R1/TNFSF4/CD274/CCR2/SASH3/NCKAP1L/IRF1/STAT5A/TWSG1/LGALS3/RSAD2/IL2RA/DOCK2/ANXA1/CTSL/IL6/HLX/STAT4/GPR65/NFKBIZ/IL2RG/IL18/BATF/TNFRSF14/RUNX1/CD3G/NLRP3/SLAMF6/TGFBR2/ZC3H12A/IL15/SHH/STAT6/CD3D/GPR183/JUNB/PTGER4/CEBPB/CCL19/SOCS3/SOCS1/HLA-DRB1/CD3E/HLA-DRA/HLA-E,65
GO:0031640,killing of cells of another organism,52/1424,193/21338,0.2694300518134715,4.037288234266752,11.334522773975614,1.3463879614874635e-18,1.7337093355246708e-16,1.2161986726777822e-16,LTF/C6/CXCL2/FCN1/LYZ/APOL1/GZMH/GZMB/CCL22/NKG7/HAMP/CXCL12/CCL8/C7/GZMK/CCL20/GBP3/GBP1/TREM1/CXCL6/C3/LGALS3/FCN3/GZMA/CXCL14/GBP5/CXCL13/NCF1/C1R/S100A12/CXCL3/PPBP/CXCL1/CAMP/F2RL1/C2/SCNN1B/CXCL10/CXCL11/CXCL8/CCL19/NLRP6/SFN/PRF1/CCL13/C1S/PLA2G2A/ELANE/MICA/GBP7/CFB/CCL18,52
GO:0141061,disruption of cell in another organism,52/1424,193/21338,0.2694300518134715,4.037288234266752,11.334522773975614,1.3463879614874635e-18,1.7337093355246708e-16,1.2161986726777822e-16,LTF/C6/CXCL2/FCN1/LYZ/APOL1/GZMH/GZMB/CCL22/NKG7/HAMP/CXCL12/CCL8/C7/GZMK/CCL20/GBP3/GBP1/TREM1/CXCL6/C3/LGALS3/FCN3/GZMA/CXCL14/GBP5/CXCL13/NCF1/C1R/S100A12/CXCL3/PPBP/CXCL1/CAMP/F2RL1/C2/SCNN1B/CXCL10/CXCL11/CXCL8/CCL19/NLRP6/SFN/PRF1/CCL13/C1S/PLA2G2A/ELANE/MICA/GBP7/CFB/CCL18,52
GO:0042742,defense response to bacterium,84/1424,450/21338,0.18666666666666668,2.797116104868914,10.303300952937477,4.945804779554982e-18,6.223845696453622e-16,4.3660334058750916e-16,NOS2/STAB1/CD4/LTF/SLC11A1/CYBA/TNFRSF1A/BCL3/OAS1/LYZ/HCK/ACP5/PYCARD/GSDMD/HAMP/SERPINE1/RARRES2/TNFSF8/OAS2/CCL20/GBP3/GBP1/PI3/SLPI/TREM1/CXCL6/IL1B/RNASE1/LBP/JCHAIN/HAVCR2/IL6/IL10/TLR2/MMP7/CASP1/EMILIN1/EPHA2/IL22RA1/S100A8/NFKBIZ/TSLP/LCN2/ADM/FCGR1A/IL18/MR1/GBP5/CXCL13/TNFRSF14/COLEC12/NCF1/SLAMF8/FCER1G/SPON2/SHC1/GBP4/S100A9/S100A12/PPBP/PRKCD/CAMP/F2RL1/CLEC4D/NOD2/GSDMA/SCNN1B/IL7R/RNASE3/RNASE6/FPR2/CEBPB/NLRP6/SFN/SSC5D/PLA2G2A/CASP4/C5AR1/ELANE/MICA/HLA-E/GBP7/ANG/HP,84
GO:0033627,cell adhesion mediated by integrin,32/1424,78/21338,0.41025641025641024,6.147507922788821,12.178817338628399,6.6599317028255846e-18,8.19467596412117e-16,5.748572627702085e-16,SNAI2/ITGB5/ICAM1/SERPINE1/PTPN6/PLAU/NCKAP1L/LIF/ITGB4/SWAP70/ITGA11/CYP1B1/EMILIN1/SKAP1/EPHA2/SFRP2/FERMT3/CXCL13/ITGB2/ITGA5/VCAM1/ITGA2/FBN1/ADAM9/NPNT/FOXC2/MUC1/DPP4/ITGBL1/CD3E/LYN/CCL5,32
GO:0042113,B cell activation,67/1424,312/21338,0.21474358974358973,3.2178361783347738,10.552876422235414,7.62554794544448e-18,9.178838907375235e-16,6.438963825787215e-16,CD79B/TYROBP/CD74/CASP8/SPI1/BCL3/FCGR2B/FOSL2/PTPRC/IL11/LGALS1/CD40/NFATC2/TNFSF13B/TGFB1/JAK3/TCIRG1/POU2AF1/PTPN6/PRLR/CD86/TNFSF4/TNFAIP3/PTK2B/SASH3/LAX1/NCKAP1L/CDKN1A/CD70/C3/STAT5A/TICAM1/FOXJ1/BST2/THEMIS2/SWAP70/IL6/IL10/VAV1/FCRL5/NFKBIZ/IL2RG/BANK1/SAMSN1/BATF/MMP14/SLAMF8/IKZF3/TNFSF13/LAPTM5/VCAM1/MNDA/CTLA4/PRKCD/STAT6/NOD2/IL7R/GPR183/MZB1/CLCF1/GAPT/PLCG2/NTRK1/CR1/NFAM1/CFB/LYN,67
GO:0050870,positive regulation of T cell activation,79/1424,412/21338,0.19174757281553398,2.873251199956365,10.267008908561717,9.87685420328702e-18,1.1160845249714333e-15,7.829343074141592e-16,CD4/CD6/CD74/GLI2/IL4R/PTPRC/SIRPG/CD209/LGALS1/SIRPB1/TNFSF13B/PYCARD/LILRB1/RASAL3/TGFB1/CAV1/GATA3/MAP3K8/CCL2/PTPN6/VNN1/CD86/IL1A/SLAMF1/TNFSF4/CD274/CCR2/SASH3/NCKAP1L/PCK1/IL1B/CD70/TNFSF14/STAT5A/LILRB2/IL2RA/ANXA1/HAVCR2/IL6/HLX/IL36B/GPR65/VAV1/NFKBIZ/IL2RG/IL18/ADAM8/TNFRSF14/CD1D/RUNX1/VCAM1/NLRP3/TGFBR2/IL15/SHH/NOD2/RHOH/IL7R/CCL19/HLA-DQB1/EGR3/LCK/SOCS1/HLA-DRB1/HLA-DQA1/DPP4/PDCD1LG2/CD3E/CR1/HLA-DOA/HLA-DMA/HLA-DRA/AIF1/HLA-E/HLA-DPB1/HLA-DQB2/HLA-DMB/LYN/CCL5,79
GO:0141060,disruption of anatomical structure in another organism,52/1424,203/21338,0.2561576354679803,3.838407040460508,10.865857123018348,1.4600044117469933e-17,1.5851067505574709e-15,1.1119538244265026e-15,LTF/C6/CXCL2/FCN1/LYZ/APOL1/GZMH/GZMB/CCL22/NKG7/HAMP/CXCL12/CCL8/C7/GZMK/CCL20/GBP3/GBP1/TREM1/CXCL6/C3/LGALS3/FCN3/GZMA/CXCL14/GBP5/CXCL13/NCF1/C1R/S100A12/CXCL3/PPBP/CXCL1/CAMP/F2RL1/C2/SCNN1B/CXCL10/CXCL11/CXCL8/CCL19/NLRP6/SFN/PRF1/CCL13/C1S/PLA2G2A/ELANE/MICA/GBP7/CFB/CCL18,52
GO:0050920,regulation of chemotaxis,58/1424,248/21338,0.23387096774193547,3.5044513410656037,10.608221289340944,2.0076036455780018e-17,2.0973776199179993e-15,1.4713123043064205e-15,CCL26/CD74/SPI1/FGF10/NRP1/RIN3/TGFB1/HSPB1/SERPINE1/RARRES2/CXCL12/CCL7/CCL2/PERP/THBS4/FGF1/SLAMF1/F3/DUSP1/PTK2B/CCR2/NCKAP1L/TNFAIP6/EDN3/TNFSF14/RAC2/LBP/SWAP70/C5AR2/IL6/THBS1/CYP19A1/TPBG/VEGFC/CXCL13/SLAMF8/CCR1/ITGA2/F2RL1/CXCL10/CXCL8/GPR183/PDGFD/FPR2/C3AR1/CCL19/CMKLR1/CSF1R/GAS6/CSF1/CXCR3/C5AR1/ELANE/DPP4/AIF1/GPSM3/LYN/CCL5,58
GO:0071216,cellular response to biotic stimulus,68/1424,327/21338,0.20795107033639143,3.116053327835618,10.311445369567704,2.5458956389344056e-17,2.596686345780711e-15,1.8215778287559907e-15,NOS2/LTF/CD6/VIM/TNFRSF1B/SPI1/FCGR2B/OPRK1/IRAK3/CD40/HCK/PYCARD/LILRB1/SERPINE1/CSF3/CCL2/PTPN6/CD86/IL1A/GBP3/TNFSF4/MMP8/TNFAIP3/CD274/CXCL6/IL1B/NR1D1/TICAM1/ZFP36/LBP/ASS1/LILRB2/IRAK2/PTPN22/HAVCR2/IL6/IL10/IL36B/TLR2/CASP1/NFKBIZ/LCN2/MMP3/IL18/GBP5/LY96/CXCL13/SPON2/CCR5/NLRP3/CXCL5/PPBP/ZC3H12A/CAMP/NOD2/ADAM9/CXCL10/CXCL8/CD14/CEBPB/CLEC7A/FCAR/TLR5/PDCD1LG2/PLCG2/CARD16/LYN/MRC1,68
GO:0002819,regulation of adaptive immune response,68/1424,332/21338,0.20481927710843373,3.0691248138621905,10.160766522879387,5.820555544148426e-17,5.65410807858769e-15,3.966361949752113e-15,CD4/HFE/WAS/SLC11A1/TNFRSF1B/FCGR2B/IL4R/PTPRC/LGALS1/CD40/TNFSF13B/PYCARD/LILRB1/TGFB1/JAK3/GATA3/CD69/PTPN6/IL1R1/IL1RL1/IL18R1/SLAMF1/TNFSF4/TNFAIP3/CD274/CCR2/SASH3/NCKAP1L/C4BPA/IRF1/IL1B/C3/STAT5A/RIPK3/FOXJ1/RSAD2/ANXA1/HAVCR2/IL6/HLX/IL10/SKAP1/SECTM1/NFKBIZ/FCGR1A/IL18/MR1/SAMSN1/BATF/TNFRSF14/CD1D/CD1C/FCER1G/TNFSF13/NLRP3/ZC3H12A/STAT6/IL7R/JUNB/CLEC7A/CCL19/CD7/CLCF1/HLA-DRB1/CR1/HLA-DRA/HLA-C/HLA-E,68
GO:0002699,positive regulation of immune effector process,79/1424,428/21338,0.18457943925233644,2.7658399401449123,9.86821551287711,9.716048625669722e-17,9.275476075919527e-15,6.50675488724524e-15,NOS2/TYROBP/CD74/SPI1/IL4R/PTPRC/FCN1/CD40/PYCARD/CD37/LILRB1/TGFB1/GATA3/DHX58/CRTAM/PTPN6/CD86/IL1R1/IL18R1/IL18RAP/SLAMF1/TNFSF4/COLEC11/VAMP8/TRIM6/CCR2/SASH3/CD244/PCK1/IL1B/C3/STAT5A/PLA2G5/TICAM1/LBP/IL13RA1/RSAD2/ANXA1/IL6/HLX/IL10/GPR65/SECTM1/VAV1/FCN3/NFKBIZ/IL2RG/FCGR1A/IL18/MR1/TNFRSF14/CD1D/CD1C/FCER1G/SPON2/ITGB2/TNFSF13/LAPTM5/NLRP3/SLAMF6/F2RL1/STAT6/NOD2/ITGAM/MZB1/CLEC7A/CCL19/CD7/CLCF1/SH2D1A/HLA-DRB1/TLR7/PLCG2/CR1/HLA-DRA/HLA-C/HLA-E/CD177/HLA-DMB,79
GO:0007162,negative regulation of cell adhesion,76/1424,403/21338,0.18858560794044665,2.8258705774109907,9.895288316471326,1.0996822823886544e-16,1.0320238639976236e-14,7.239656774333872e-15,HFE/SNAI2/CD74/TNC/SPI1/IL4R/FBLN1/PTPRC/FXYD5/LAMB1/LGALS1/CD37/LILRB1/TGFB1/JAK3/SERPINE1/CXCL12/COL1A1/CRTAM/CD69/PTPN6/ADTRP/CD86/GBP1/TNFSF4/DUSP1/CD274/TGFBI/LAX1/SDC4/IRF1/STAT5A/PLA2G5/TWSG1/FOXJ1/ASS1/LILRB2/IDO1/LGALS3/POSTN/SWAP70/PTPN22/IL2RA/ANXA1/HAVCR2/CD164/GPNMB/HLX/IL10/IL1RN/THBS1/CYP1B1/ERBB2/ANGPT1/VSIG4/FZD7/MMP14/TNFRSF14/RUNX1/LAPTM5/CTLA4/ZC3H12A/PRKCD/SHH/DLC1/CEBPB/C1QTNF1/MYADM/TACSTD2/SOCS1/MUC1/PLA2G2A/HLA-DRB1/PDCD1LG2/CR1/HLA-E,76
GO:0002429,immune response-activating cell surface receptor signaling pathway,80/1424,447/21338,0.1789709172259508,2.68179875826358,9.609274426918777,3.870106542208129e-16,3.401393638762922e-14,2.3860807252711773e-14,NOS2/CD79B/TYROBP/LTF/LCP2/CYBA/IFI35/FCGR2B/TXK/FOSL2/PTPRC/FCN1/OAS1/NFATC2/HCK/KCNN4/CAV1/GATA3/PTPN6/GBP1/COLEC11/TNFAIP3/LAX1/NCKAP1L/NMI/C3/NR1D1/TICAM1/LBP/THEMIS2/LGALS3/PRAM1/IRAK2/PTPN22/C5AR2/TEC/MYO1G/CD72/TLR2/SKAP1/VAV1/FCN3/CD53/RAB13/NFKBIZ/BANK1/LY96/FCER1G/UBASH3A/CD3G/SQSTM1/LAPTM5/MNDA/CTLA4/ZC3H12A/PRKCD/F2RL1/CD3D/ITGAM/CD14/FPR2/FPR1/C3AR1/CD8B/CLEC7A/CMKLR1/HLA-DQB1/LCK/SH2D1A/FPR3/TLR5/PLSCR1/HLA-DRB1/C5AR1/PLCG2/CD3E/CR1/HLA-DPB1/NFAM1/LYN,80
GO:0070371,ERK1 and ERK2 cascade,71/1424,373/21338,0.1903485254691689,2.8522871042564084,9.650675381185026,6.8831394340493145e-16,5.774536825201674e-14,4.0508428248232806e-14,CD4/MARCO/CD74/CD44/ROS1/FGF10/FBLN1/PTPRC/ICAM1/NRP1/PYCARD/TGFB1/NAMPT/PTPN6/FGF1/IL1A/FN1/ERRFI1/SLAMF1/GBP1/CCN2/DUSP1/PTK2B/IL1B/RRAS/PLA2G5/LIF/CHI3L1/PTPN22/NGF/HAVCR2/SPRY2/GPNMB/EMILIN1/DUSP5/EGF/TNFRSF11A/ERBB2/NLRP12/EPHA2/CCN1/TPBG/EGFR/ANGPT1/SHC1/DDR2/ATF3/NEURL3/CCR1/F2RL1/NOD2/NPNT/RGS14/GPR183/CAVIN3/PDGFD/FPR2/PTGER4/P2RY6/CCL19/CHRNA9/NLRP6/CSF1R/GAS6/TNFAIP8L3/PLA2G2A/HLA-DRB1/C5AR1/NTRK1/LYN/CCL5,71
GO:0050764,regulation of phagocytosis,38/1424,125/21338,0.304,4.5553033707865165,10.660388864954413,7.612193795449661e-16,6.29085329035892e-14,4.413039293827062e-14,SLC11A1/CYBA/CNN2/RAB27A/FCGR2B/PTPRC/FCN1/SIRPG/IL2RB/SIRPB1/HCK/PYCARD/TGFB1/CCL2/COLEC11/NCKAP1L/C3/PLA2G5/IL15RA/DOCK2/TLR2/FCN3/FCGR2A/IL2RG/FCGR1A/FCER1G/PTX3/IL15/ITGA2/F2RL1/C2/FPR2/CLEC7A/GAS6/CD300LF/PLSCR1/PLCG2/TGM2,38
GO:0031589,cell-substrate adhesion,76/1424,419/21338,0.18138424821002386,2.717961438416776,9.497130042414277,1.0151515269309006e-15,8.266020595024113e-14,5.798620951044928e-14,ITGA3/TNFRSF12A/CD44/ACTN1/FBLN1/CARMIL1/ITGB5/TRIP6/CASS4/SIGLEC1/LAMB1/NRP1/MSLN/FOXF1/SERPINE1/ECM2/SPOCK2/COL1A1/FN1/NID1/GBP1/CCN2/PTK2B/PLAU/SDC4/RREB1/RRAS/RAC2/ATP1B2/ITGB4/POSTN/LYVE1/CD63/ITGA7/MYO1G/THBS1/ITGA11/EMILIN1/PARVG/FBLN5/SKAP1/CCN1/COL8A1/FERMT3/ADAMTS12/DMP1/CD96/ANGPT1/FZD7/MMP14/ITGB2/ITGA5/PDPN/VCAM1/ITGA2/EGFLAM/DLC1/MICALL2/COL3A1/ADAM9/NPNT/ITGAM/EFEMP2/RHOD/MYADM/ANXA2/GAS6/TACSTD2/CSF1/NPY2R/COL13A1/S100A10/ITGBL1/EGFL6/CD3E/VIT,76
GO:0032963,collagen metabolic process,38/1424,130/21338,0.2923076923076923,4.380099394987036,10.336980855737167,3.1939996867178506e-15,2.3580235020475654e-13,1.6541556272265078e-13,MRC2/VIM/FOSL2/FAP/ADAMTS2/P3H2/CST3/TGFB1/PCOLCE/COL1A1/ERRFI1/MMP8/TGFB3/MMP19/COL5A1/CTSL/IL6/MMP7/MMP13/EMILIN1/ADAMTS14/FURIN/COL6A1/RCN3/SERPINH1/MMP3/MMP14/CREB3L1/RUNX1/CYGB/DDR2/CTSS/ITGA2/COL1A2/CTSB/MFAP4/MMP10/MMP1,38
GO:0070372,regulation of ERK1 and ERK2 cascade,66/1424,343/21338,0.1924198250728863,2.883324597896944,9.402789660890457,4.246931775378588e-15,3.053930031204057e-13,2.142334689152015e-13,CD4/MARCO/CD74/CD44/ROS1/FGF10/FBLN1/PTPRC/ICAM1/NRP1/PYCARD/TGFB1/NAMPT/PTPN6/FGF1/IL1A/FN1/ERRFI1/SLAMF1/GBP1/CCN2/DUSP1/PTK2B/IL1B/RRAS/PLA2G5/LIF/CHI3L1/PTPN22/NGF/HAVCR2/SPRY2/GPNMB/EMILIN1/TNFRSF11A/ERBB2/NLRP12/EPHA2/CCN1/TPBG/EGFR/ANGPT1/SHC1/DDR2/ATF3/CCR1/F2RL1/NOD2/NPNT/RGS14/GPR183/CAVIN3/PDGFD/FPR2/P2RY6/CCL19/CHRNA9/NLRP6/CSF1R/GAS6/TNFAIP8L3/PLA2G2A/HLA-DRB1/C5AR1/NTRK1/LYN,66
GO:1901342,regulation of vasculature development,73/1424,408/21338,0.17892156862745098,2.6810592916942055,9.167922232390133,7.895966076539555e-15,5.464995520724939e-13,3.833699318740916e-13,TNMD/HSPB6/TNFRSF12A/STAB1/DCN/ALOX5/SP100/NRP1/HMOX1/CD40/TGFB1/HSPB1/SERPINE1/ENG/CXCL12/PTPN6/NR2E1/THBS4/FGF1/IL1A/GADD45A/F3/TNFAIP3/PTK2B/CCR2/CXCR4/IL1B/C3/RRAS/RHOJ/SERPINF1/CHI3L1/SPRY2/GPNMB/IL6/IL10/THBS1/CYP1B1/EMILIN1/FBLN5/PML/GATA6/ERBB2/EPHA2/PROK1/ECM1/SFRP2/ADAM12/ADM/HMGA2/VEGFC/ADAMTS1/CXCL13/CREB3L1/RUNX1/ITGB2/SHC1/ITGA5/TGFBR2/ZC3H12A/CAMP/CYBB/ANGPTL4/CXCL10/CXCL8/LRG1/C3AR1/FOXC2/CXCR3/C5AR1/NTRK1/TGM2/TNFSF12,73
GO:0050878,regulation of body fluid levels,76/1424,440/21338,0.17272727272727273,2.5882405515832483,9.00186878286698,1.5305884308385648e-14,1.0089128739944206e-12,7.077532969667048e-13,PLAUR/WAS/CYBA/RAB27A/FGF10/FOSL2/FBLN1/FAP/OPRK1/ITPR3/PROCR/CD40/MYL9/MYL12A/KCNN4/COMP/TFPI2/CAV1/HSPB1/SERPINE1/SCNN1A/OAS2/VDR/PTPN6/ADTRP/PRLR/FN1/F3/VAMP8/PLAU/F13A1/FOXA2/STAT5A/ANO1/PRRG4/TEC/IL6/THBS1/EMILIN1/VAV1/ADM/SERPING1/FERMT3/ANGPT1/F11R/FCER1G/CSRP1/ZNF385A/PDPN/ADORA1/PRKCD/ITGA2/F2RL2/F2RL1/SHH/SCNN1G/ANGPTL4/SCNN1B/COL3A1/CYP4F11/SAA1/C1QTNF1/NLRP6/P2RY2/THBD/OXTR/ANXA2/LCK/GAS6/PROS1/PLSCR1/SERPINA1/PLCG2/CLIC1/LYN/GJA5,76
GO:0045807,positive regulation of endocytosis,46/1424,194/21338,0.23711340206185566,3.553037762075756,9.552277934856276,2.4461780888986923e-14,1.5749404742130302e-12,1.104822172342249e-12,SELE/HFE/SLC11A1/CYBA/RAB27A/FCGR2B/PTPRC/FCN1/SIRPG/IL2RB/SIRPB1/PYCARD/HAMP/SERPINE1/SFRP4/CCL2/COLEC11/CLU/NCKAP1L/C3/PLA2G5/IL15RA/DOCK2/CD63/EGF/FCN3/FCGR2A/IL2RG/FCGR1A/ANGPT1/FCER1G/PTX3/IL15/ITGA2/F2RL1/C2/CD14/FPR2/CLEC7A/CCL19/CD151/ABCA13/ANXA2/GAS6/CD300LF/PLCG2,46
GO:0050868,negative regulation of T cell activation,46/1424,195/21338,0.2358974358974359,3.5348170556035723,9.508741548899103,2.9983732638564966e-14,1.9082750301118877e-12,1.338656665896004e-12,HFE/CD74/IL4R/LGALS1/CD37/LILRB1/TGFB1/JAK3/CRTAM/CD69/PTPN6/CD86/TNFSF4/CD274/LAX1/SDC4/IRF1/STAT5A/PLA2G5/TWSG1/FOXJ1/LILRB2/IDO1/LGALS3/PTPN22/IL2RA/ANXA1/HAVCR2/GPNMB/HLX/IL10/ERBB2/VSIG4/TNFRSF14/RUNX1/LAPTM5/CTLA4/ZC3H12A/SHH/CEBPB/SOCS1/PLA2G2A/HLA-DRB1/PDCD1LG2/CR1/HLA-E,46
GO:0019058,viral life cycle,66/1424,357/21338,0.18487394957983194,2.77025304503824,9.019839051417327,3.1542536161080924e-14,1.9846707127716487e-12,1.3922483066314426e-12,IL32/CD4/LTF/CD74/ITGB5/SIGLEC1/OAS1/ICAM1/CD209/PCSK5/NRP1/LGALS1/CAV1/CCL2/CCL8/SELPLG/OAS2/TRIM38/CD86/SLAMF1/VAMP8/TRIM6/CXCR4/SLPI/APOBEC3A/APOBEC3F/BST2/SHFL/SLC52A1/RSAD2/CTSL/OASL/CH25H/FURIN/IFITM3/EPHA2/NECTIN4/AGTR1/EGFR/HMGA2/GBP5/MX1/TNFRSF14/F11R/CCR5/ITGA5/ZC3H12A/ITGA2/CHMP4C/CTSB/ANPEP/CXCL8/LRRC15/GAS6/IFITM2/IFITM1/PLSCR1/HLA-DRB1/DPP4/CR1/GBP7/APOBEC3G/APOBEC3C/CLEC5A/MRC1/CCL5,66
GO:0042327,positive regulation of phosphorylation,57/1424,282/21338,0.20212765957446807,3.028792134831461,9.170997870387932,3.589762203415779e-14,2.2085014800347965e-12,1.5492657930531259e-12,CD4/PLAUR/LTF/CD74/LCP2/ARHGEF5/FGF10/PTPRC/CASS4/IL11/NRP1/OSM/CEMIP/TNFRSF10A/RARRES2/FAM20A/AREG/THBS4/PRLR/FGF1/PTK2B/TRIM6/CDKN1A/EREG/C3/LIF/RIPK3/CHI3L1/NIBAN1/SPRY2/IL6/THBS1/EGF/PIK3R5/ERBB2/EGFR/HMGA2/CTF1/IL18/BANK1/ANGPT1/FZD7/DDR2/S100A12/IL15/IL31RA/FBN1/CIMAP3/TCIM/CSF1R/GAS6/TNFRSF18/LILRA5/HLA-DRB1/ELANE/ANG/LYN,57
GO:0007596,blood coagulation,55/1424,279/21338,0.1971326164874552,2.9539436591357577,8.784917515790653,2.977203111518586e-13,1.6321558047998428e-11,1.1449587786871895e-11,PLAUR/WAS/RAB27A/FBLN1/FAP/ITPR3/PROCR/CD40/MYL9/MYL12A/COMP/TFPI2/CAV1/HSPB1/SERPINE1/PTPN6/ADTRP/FN1/F3/PLAU/F13A1/FOXA2/PRRG4/TEC/IL6/THBS1/EMILIN1/VAV1/SERPING1/FERMT3/ANGPT1/F11R/FCER1G/CSRP1/PDPN/PRKCD/ITGA2/F2RL2/F2RL1/SHH/ANGPTL4/COL3A1/CYP4F11/SAA1/C1QTNF1/THBD/ANXA2/LCK/GAS6/PROS1/PLSCR1/SERPINA1/PLCG2/CLIC1/LYN,55
GO:0050817,coagulation,55/1424,284/21338,0.1936619718309859,2.9019376087988604,8.628405536338988,6.348590619535752e-13,3.316240213242402e-11,2.32634551996891e-11,PLAUR/WAS/RAB27A/FBLN1/FAP/ITPR3/PROCR/CD40/MYL9/MYL12A/COMP/TFPI2/CAV1/HSPB1/SERPINE1/PTPN6/ADTRP/FN1/F3/PLAU/F13A1/FOXA2/PRRG4/TEC/IL6/THBS1/EMILIN1/VAV1/SERPING1/FERMT3/ANGPT1/F11R/FCER1G/CSRP1/PDPN/PRKCD/ITGA2/F2RL2/F2RL1/SHH/ANGPTL4/COL3A1/CYP4F11/SAA1/C1QTNF1/THBD/ANXA2/LCK/GAS6/PROS1/PLSCR1/SERPINA1/PLCG2/CLIC1/LYN,55
GO:0007229,integrin-mediated signaling pathway,35/1424,131/21338,0.26717557251908397,4.003505875289476,9.220764651199522,7.420066844741463e-13,3.8397112261059324e-11,2.6935609106833253e-11,ITGA3/TYROBP/ITGB5/LAMB1/NRP1/HCK/TIMP1/SERPINE1/FN1/NID1/CCN2/PTK2B/PLAU/ITGB4/PRAM1/CD63/ITGA7/TEC/ITGA11/VAV1/CCN1/FERMT3/ADAMTS1/FCER1G/ITGB2/ITGA5/ITGA2/COL3A1/ADAM9/ITGAM/LAMB2/LAMA2/SLC2A10/ITGBL1/CD177,35
GO:0001932,regulation of protein phosphorylation,70/1424,419/21338,0.16706443914081145,2.503385535383873,8.310924572662879,8.925931470384275e-13,4.5761928288442345e-11,3.210203423559257e-11,CD4/PLAUR/LTF/MVP/GPRC5A/CD74/LCP2/ARHGEF5/FGF10/FBLN1/PTPRC/CASS4/IL11/OSM/PYCARD/CEMIP/TNFRSF10A/HSPB1/RARRES2/FAM20A/THBS4/PRLR/FGF1/FN1/ERRFI1/GADD45A/DUSP1/PTK2B/TRIM6/CDKN1A/EREG/C3/LIF/RIPK3/CHI3L1/PTPN22/NIBAN1/SPRY2/IL6/EGF/PIK3R5/ERBB2/SFRP2/EGFR/IGFBP3/HMGA2/CTF1/LATS2/IL18/BANK1/ANGPT1/SAMSN1/ITGB2/DIRAS3/DDR2/S100A12/ZC3H12A/IL15/IL31RA/FBN1/RGS14/SFN/TCIM/CSF1R/GAS6/TNFRSF18/LILRA5/HLA-DRB1/ELANE/LYN,70
GO:0002440,production of molecular mediator of immune response,59/1424,327/21338,0.18042813455657492,2.703634505033845,8.30174452471628,2.138910283818805e-12,1.0480660390712145e-10,7.352192778100971e-11,HFE/CD74/TNFRSF1B/FCGR2B/IL4R/PTPRC/IRAK3/CD40/ACP5/PYCARD/CD37/LILRB1/TGFB1/JAK3/GATA3/CD86/IL1R1/IL18R1/SLAMF1/TNFSF4/TGFB3/TRIM6/CCR2/SASH3/CD244/IL1B/TICAM1/BST2/IL13RA1/SWAP70/RSAD2/IL6/IL10/MMP7/SECTM1/NFKBIZ/IL2RG/IL18/CD96/ANGPT1/BATF/TNFRSF14/FCER1G/SPON2/TNFSF13/LAPTM5/NLRP3/F2RL1/STAT6/NOD2/MZB1/CLEC7A/CD7/CLCF1/TLR7/ELANE/PLCG2/CR1/HLA-E,59
GO:0046634,regulation of alpha-beta T cell activation,42/1424,187/21338,0.22459893048128343,3.3655140299224904,8.688069786564837,2.259144379085247e-12,1.0972703883328958e-10,7.69736173483339e-11,HFE/PRDM1/IL4R/PTPRC/LGALS1/LILRB1/RASAL3/JAK3/GATA3/CRTAM/CD69/CD86/TNFSF4/CD274/CCR2/SASH3/NCKAP1L/IRF1/STAT5A/TWSG1/LGALS3/IL2RA/ANXA1/HLX/GPR65/NFKBIZ/IL2RG/IL18/BATF/TNFRSF14/RUNX1/NLRP3/TGFBR2/ZC3H12A/SHH/JUNB/CCL19/SOCS1/HLA-DRB1/CD3E/HLA-DRA/HLA-E,42
GO:0044409,symbiont entry into host,39/1424,166/21338,0.23493975903614459,3.520466698253689,8.717590947380794,3.097101215909132e-12,1.4911869071729448e-10,1.0460689690347549e-10,CD4/CD74/ITGB5/SIGLEC1/ICAM1/CD209/NRP1/LGALS1/CAV1/SELPLG/TRIM38/CD86/SLAMF1/VAMP8/CXCR4/SLC52A1/CTSL/CH25H/FURIN/EPHA2/NECTIN4/AGTR1/EGFR/GBP5/TNFRSF14/F11R/CCR5/ITGA5/ITGA2/CTSB/ANPEP/CXCL8/GAS6/PLSCR1/HLA-DRB1/DPP4/CR1/CLEC5A/MRC1,39
GO:0002700,regulation of production of molecular mediator of immune response,54/1424,291/21338,0.18556701030927836,2.7806382485810266,8.178421956357349,5.953349193253858e-12,2.7242722713261664e-10,1.9110794713446486e-10,HFE/CD74/TNFRSF1B/FCGR2B/IL4R/PTPRC/IRAK3/CD40/ACP5/PYCARD/CD37/LILRB1/TGFB1/JAK3/GATA3/CD86/IL1R1/IL18R1/SLAMF1/TNFSF4/TGFB3/TRIM6/CCR2/SASH3/CD244/IL1B/TICAM1/BST2/IL13RA1/RSAD2/IL6/IL10/SECTM1/IL2RG/IL18/CD96/ANGPT1/TNFRSF14/FCER1G/SPON2/TNFSF13/LAPTM5/NLRP3/F2RL1/STAT6/NOD2/MZB1/CLEC7A/CD7/CLCF1/TLR7/PLCG2/CR1/HLA-E,54
GO:0042092,type 2 immune response,20/1424,48/21338,0.4166666666666667,6.243562734082397,9.725270240621345,7.412873282703797e-12,3.336998322465929e-10,2.340907352432778e-10,CD74/BCL3/IL4R/GATA3/CD86/TNFSF4/CCR2/IDO1/RSAD2/ANXA1/IL6/HLX/IL10/ECM1/IL18/BATF/NLRP3/STAT6/NOD2/FCER1A,20
GO:0002444,myeloid leukocyte mediated immunity,35/1424,143/21338,0.24475524475524477,3.6675473403001493,8.558661805537454,1.1535109990382191e-11,5.069040001329062e-10,3.555936162448646e-10,TYROBP/SPI1/FCGR2B/IL4R/FOXF1/VAMP8/CCR2/TREM1/CXCL6/C3/ADGRE2/TICAM1/RAC2/PRAM1/IL6/FCGR2A/FCGR1A/NCF1/FCER1G/SPON2/ITGB2/F2RL1/SCNN1B/ITGAM/NLRP6/FCER1A/FES/FCAR/S100A13/ELANE/FCGR3A/HLA-E/CD177/LYN/MILR1,35
GO:0019730,antimicrobial humoral response,47/1424,238/21338,0.19747899159663865,2.959133934472665,8.1274405214996,1.4872882953512714e-11,6.383810303379838e-10,4.4782487228447096e-10,CCL26/LTF/SLC11A1/BCL3/CXCL2/LYZ/CCL22/HAMP/RARRES2/CXCL12/CCL7/CCL2/CCL8/CCL20/REG1A/COLEC11/PI3/SLPI/CXCL6/LGALS3/JCHAIN/MMP7/GATA6/TSLP/CXCL14/ADM/CXCL13/SPON2/S100A9/S100A12/CXCL3/CXCL5/PPBP/CXCL1/CAMP/CXCL10/CXCL11/RNASE3/RNASE6/CXCL8/CCL19/CCL13/ELANE/HLA-E/ANG/CCL5/CCL18,47
GO:0048771,tissue remodeling,42/1424,209/21338,0.20095693779904306,3.011249395193807,7.813435292624161,1.0066784175894624e-10,3.7918220395869745e-9,2.6599666028679676e-9,WNT16/IL20RA/FGF10/FOSL2/CST3/TIMP1/ACP5/TGFB1/CAV1/TCIRG1/VDR/THBS4/IL1A/EVA1A/TNFAIP3/SPP1/PTK2B/CCR2/GDF5/RAC2/LIF/TMBIM1/GPNMB/IL6/PML/TNFRSF11A/COL6A1/EPHA2/IL18/ADAM8/GJA1/MMP14/RUNX1/DDR2/ELF3/IL15/TPP1/LTBP3/FOXC2/BGN/CSF1R/GJA5,42
GO:0031638,zymogen activation,21/1424,61/21338,0.3442622950819672,5.158615767176276,8.697630194682306,1.6297825874173074e-10,5.8598092120322275e-9,4.110661481592525e-9,PLAUR/FCN1/CTSZ/SERPINE1/GZMK/PLAU/CTSL/THBS1/C1RL/FURIN/FCN3/MMP14/RUNX1/C1R/CLEC3B/THBD/C1S/ANXA2/S100A10/CFD/HP,21
GO:0002573,myeloid leukocyte differentiation,53/1424,309/21338,0.1715210355987055,2.5701656303407145,7.4346036031696645,1.9814544838999678e-10,6.943869289464634e-9,4.871130609987263e-9,CD4/TYROBP/LTF/CD74/CASP8/SPI1/FOSL2/CCN4/RELB/LILRB1/TGFB1/GATA3/CSF3/TCIRG1/LTBR/IL1RL1/TNFAIP6/STAT5A/LIF/TSPAN2/TLR2/TNFRSF11A/EPHA2/BATF/CD109/FCER1G/C1QC/RUNX1/TGFBR2/CCR1/IL15/F2RL1/IL31RA/TNFRSF11B/FBN1/BATF2/GPR183/OSCAR/JUNB/CEBPB/CCL19/FAM20C/HCLS1/FES/CSF1R/ANXA2/CSF1/SOCS1/EVI2B/HLA-DRB1/MAFB/LILRB3/LYN,53
GO:1990868,response to chemokine,29/1424,114/21338,0.2543859649122807,3.8118593534397798,8.049609692833394,2.4543591569717474e-10,8.388757192686769e-9,5.884720785721734e-9,CCL26/CCL22/CXCL12/CCL7/CCL2/CCL8/LOX/DUSP1/PTK2B/CCR2/CXCR4/CXCL6/STAT5A/CXCL13/CCR5/CXCR1/CCR1/ZC3H12A/CXCL10/CXCL11/CCL19/XCR1/CMKLR1/CCL13/CCR4/CXCR3/LYN/CCL5/CCL18,29
GO:1990869,cellular response to chemokine,29/1424,114/21338,0.2543859649122807,3.8118593534397798,8.049609692833394,2.4543591569717474e-10,8.388757192686769e-9,5.884720785721734e-9,CCL26/CCL22/CXCL12/CCL7/CCL2/CCL8/LOX/DUSP1/PTK2B/CCR2/CXCR4/CXCL6/STAT5A/CXCL13/CCR5/CXCR1/CCR1/ZC3H12A/CXCL10/CXCL11/CCL19/XCR1/CMKLR1/CCL13/CCR4/CXCR3/LYN/CCL5/CCL18,29
GO:0060541,respiratory system development,46/1424,249/21338,0.18473895582329317,2.768230224267858,7.505038278895441,2.5509896069102017e-10,8.612700886257188e-9,6.041817490050477e-9,ITGA3/TNC/FGF10/GLI2/CELSR1/FOSL2/ADAMTS2/CTSZ/CRISPLD2/FOXF1/TGFB1/WNT2/LOX/FGF1/EVA1A/ERRFI1/HSD11B1/CCN2/TGFB3/RDH10/FGFRL1/LIF/FOXJ1/ASS1/CHI3L1/SPRY2/YAP1/STRA6/GATA6/COL6A1/RCN3/RSPO2/HMGA2/SPEF2/MMP14/PDPN/TGFBR2/SHH/FBN1/DNAAF3/LTBP3/COL3A1/HOPX/ANXA2/ALDH1A3/MME,46
GO:0034612,response to tumor necrosis factor,51/1424,294/21338,0.17346938775510204,2.5993608117404263,7.384113967550434,2.8790398200605237e-10,9.627032469469951e-9,6.753372016452786e-9,SELE/BIRC3/FAS/TNFRSF1B/CYBA/CASP8/TNFRSF1A/CD40/TNFSF13B/PYCARD/GATA3/CCL2/COL1A1/KRT18/CD58/GBP3/GBP1/MMP8/TNFAIP3/PTK2B/CD70/NR1D1/ZFP36/ASS1/EDA2R/CHI3L1/POSTN/CASP1/THBS1/TNFRSF11A/LCN2/ADAMTS12/TNFRSF14/CXCL16/LAPTM5/VCAM1/ZC3H12A/CAMP/F2RL1/TNFRSF11B/ADAM9/NPNT/CXCL8/KRT8/GAS6/FCAR/TNFRSF18/CASP4/ANXA4/CARD16/CCL5,51
GO:0002828,regulation of type 2 immune response,16/1424,36/21338,0.4444444444444444,6.65980024968789,9.088340422224496,2.903583930651042e-10,9.627032469469951e-9,6.753372016452786e-9,CD74/IL4R/GATA3/CD86/TNFSF4/CCR2/IDO1/RSAD2/ANXA1/IL6/HLX/ECM1/IL18/NLRP3/STAT6/NOD2,16
GO:0030323,respiratory tube development,43/1424,225/21338,0.19111111111111112,2.863714107365793,7.515155992285204,3.2297907847887787e-10,1.0519618573750275e-8,7.379521978867241e-9,ITGA3/TNC/FGF10/GLI2/CELSR1/FOSL2/ADAMTS2/PCSK5/CTSZ/CRISPLD2/FOXF1/TGFB1/WNT2/LOX/FGF1/EVA1A/ERRFI1/HSD11B1/CCN2/TGFB3/RDH10/LIF/FOXJ1/CHI3L1/SPRY2/YAP1/STRA6/GATA6/COL6A1/RCN3/RSPO2/HMGA2/MMP14/PDPN/TGFBR2/SHH/FBN1/DNAAF3/LTBP3/COL3A1/HOPX/ANXA2/MME,43
GO:0050728,negative regulation of inflammatory response,44/1424,234/21338,0.18803418803418803,2.8176077979448766,7.475980135168699,3.468669416561833e-10,1.1093896672451312e-8,7.782378586417754e-9,ALOX5/TNFRSF1B/TNFRSF1A/FCGR2B/CST7/PTPRC/HCK/ELF4/ACP5/FOXF1/PPP1R13L/GATA3/IL10RA/PTPN6/TNFAIP3/TNFAIP6/NR1D1/RHBDF2/IL2RA/AOAH/IL10/IER3/CYP19A1/SLC39A8/FURIN/NLRP12/SIGLEC10/IL22RA1/SLAMF8/NLRP3/ADORA1/CD200R1/PRKCD/FPR2/PTGER4/CLEC12A/SAA1/NLRP6/METRNL/SOCS3/TAFA3/HLA-DRB1/ELANE/LYN,44
GO:0072593,reactive oxygen species metabolic process,47/1424,260/21338,0.18076923076923077,2.7087456784788246,7.412962872448399,3.4867921051247967e-10,1.1093896672451312e-8,7.782378586417754e-9,NOS2/TYROBP/ALOX5/FAS/CYBA/MAOB/RAB27A/NCF4/ACP5/TGFB1/SOD3/NCF2/GADD45A/PRDX6/CCN2/CDKN1A/RAC2/RIPK3/IER3/THBS1/CYP1B1/FBLN5/PMAIP1/VAV1/COL6A1/CCN1/AGTR1/LCN2/MMP3/PLA2R1/NCF1/ITGB2/SHC1/CYGB/TGFBR2/ZC3H12A/PRKCD/F2RL1/CA3/CYBB/ITGAM/FPR2/CLEC7A/PLCG2/MB/CD177/HP,47
GO:0071356,cellular response to tumor necrosis factor,48/1424,269/21338,0.17843866171003717,2.6738231485735766,7.387647585938654,3.583656696159817e-10,1.1274265412861878e-8,7.908907421548877e-9,BIRC3/FAS/TNFRSF1B/CYBA/CASP8/TNFRSF1A/CD40/TNFSF13B/PYCARD/GATA3/CCL2/COL1A1/KRT18/CD58/GBP3/GBP1/MMP8/TNFAIP3/PTK2B/CD70/NR1D1/ZFP36/ASS1/EDA2R/CHI3L1/POSTN/CASP1/THBS1/TNFRSF11A/LCN2/ADAMTS12/TNFRSF14/LAPTM5/VCAM1/ZC3H12A/CAMP/F2RL1/TNFRSF11B/NPNT/CXCL8/KRT8/GAS6/FCAR/TNFRSF18/CASP4/ANXA4/CARD16/CCL5,48
GO:0002456,T cell mediated immunity,44/1424,235/21338,0.18723404255319148,2.80561797752809,7.44269331336432,3.9973169514427914e-10,1.2434350539403784e-8,8.722708190907099e-9,HFE/WAS/TNFRSF1B/RAB27A/FCGR2B/PTPRC/ICAM1/LILRB1/GATA3/CTSC/UNC93B1/IL1R1/IL18R1/SLAMF1/TNFSF4/CD274/CCR2/SASH3/NCKAP1L/C4BPA/IL1B/CD70/RIPK3/RSAD2/IL6/MYO1G/SECTM1/NFKBIZ/IL18/MR1/CD1D/CD1C/AIRE/NLRP3/IL7R/CD7/PRF1/HLA-DRB1/CR1/FCGR3A/HLA-DRA/MICA/HLA-C/HLA-E,44
GO:0042088,T-helper 1 type immune response,21/1424,64/21338,0.328125,4.916805653089888,8.3915049355466,4.5331581259196325e-10,1.4022400303473187e-8,9.836726541983795e-9,SLC11A1/BCL3/IL4R/RELB/JAK3/IL1R1/IL1RL1/IL18R1/SLAMF1/TNFSF4/CCR2/IL1B/ANXA1/HAVCR2/HLX/STAT4/NFKBIZ/IL18/STAT6/CCL19/HLA-DRB1,21
GO:0006956,complement activation,25/1424,90/21338,0.2777777777777778,4.162375156054932,8.039296331633606,5.643462674900487e-10,1.7100942652207845e-8,1.199632679422582e-8,CFH/C6/FCN1/C7/GZMK/COLEC11/CLU/C4BPA/IL1B/C3/C1RL/FCN3/SERPING1/VSIG4/C1QC/C1R/C2/C1QB/C1QA/A2M/C1S/CFD/CR1/CFI/CFB,25
GO:0071260,cellular response to mechanical stimulus,23/1424,78/21338,0.2948717948717949,4.418521319504466,8.088097647044622,7.502070208406031e-10,2.2453493375104968e-8,1.5751145985216645e-8,FAS/CYBA/CASP8/CNN2/TNFRSF1A/CD40/TLR8/TNFRSF10A/TGFB1/COL1A1/LTBR/GADD45A/TNFRSF8/IRF1/IL1B/TNFSF14/CASP1/CASP5/F11R/ITGA2/PTGER4/TLR5/TLR7,23
GO:0045071,negative regulation of viral genome replication,20/1424,60/21338,0.3333333333333333,4.994850187265917,8.286156700833109,8.562453809469055e-10,2.548941222743557e-8,1.7880845816038946e-8,LTF/OAS1/OAS2/TRIM6/SLPI/APOBEC3A/APOBEC3F/BST2/SHFL/RSAD2/OASL/IFITM3/HMGA2/MX1/IFITM2/IFITM1/PLSCR1/APOBEC3G/APOBEC3C/CCL5,20
GO:0071496,cellular response to external stimulus,23/1424,80/21338,0.2875,4.308058286516854,7.92682676342605,1.30502282552752e-9,3.783199677982135e-8,2.6539180083750612e-8,FAS/CYBA/CASP8/CNN2/TNFRSF1A/CD40/TLR8/TNFRSF10A/TGFB1/COL1A1/LTBR/GADD45A/TNFRSF8/IRF1/IL1B/TNFSF14/CASP1/CASP5/F11R/ITGA2/PTGER4/TLR5/TLR7,23
GO:0009612,response to mechanical stimulus,44/1424,250/21338,0.176,2.6372808988764045,6.963345193335255,3.0005911867835115e-9,8.3383652470959e-8,5.849370790145504e-8,FAS/TNC/CYBA/CASP8/CNN2/TNFRSF1A/CD40/TLR8/TNFRSF10A/RETN/TGFB1/CXCL12/COL1A1/LTBR/GADD45A/PPL/TNFRSF8/IRF1/IL1B/TNFSF14/FOSB/GDF5/CHI3L1/POSTN/CASP1/CASP5/THBS1/STRA6/TNFRSF11A/COL6A1/USP53/MMP14/F11R/RCAN1/DDR2/ITGA2/TMC1/CXCL10/ITGAM/PTGER4/CHRNA9/TLR5/TLR7/NTRK1,44
GO:0002367,cytokine production involved in immune response,40/1424,216/21338,0.18518518518518517,2.7749167707032876,7.010996838122608,3.4541455503892777e-9,9.375296035541878e-8,6.576778679533764e-8,HFE/CD74/TNFRSF1B/IRAK3/ACP5/PYCARD/LILRB1/TGFB1/JAK3/GATA3/IL1R1/IL18R1/SLAMF1/TNFSF4/TGFB3/TRIM6/CCR2/SASH3/IL1B/TICAM1/BST2/RSAD2/IL6/IL10/SECTM1/IL18/CD96/ANGPT1/TNFRSF14/FCER1G/SPON2/LAPTM5/NLRP3/F2RL1/NOD2/CLEC7A/CD7/TLR7/PLCG2/HLA-E,40
GO:0070555,response to interleukin-1,31/1424,142/21338,0.21830985915492956,3.271275122645988,7.261550846755159,3.48877193049385e-9,9.377344747157499e-8,6.578215852591879e-8,SELE/CYBA/IRAK3/CD40/PYCARD/GSDMD/CCL2/IL1R2/IL1R1/GBP3/GBP1/EGR1/IL1B/NR1D1/CHI3L1/IRAK2/IL6/IL1RN/CASP1/TNFRSF11A/LCN2/ADAMTS12/MAPK13/TRIM63/NLRP3/ZC3H12A/CAMP/CXCL8/CEBPB/NLRP6/CCL5,31
GO:0001763,morphogenesis of a branching structure,43/1424,245/21338,0.17551020408163265,2.629941527172667,6.861646061279864,4.935219795078131e-9,1.2829254462604513e-7,8.999733651513865e-8,SNAI2/TNC/PRDM1/FGF10/TP63/GLI2/CELSR1/TFAP2C/NRP1/NFATC4/CTSZ/FOXF1/TGFB1/WNT2/ENG/AREG/VDR/FGF1/RDH10/HS3ST3B1/SPRY2/IL10/YAP1/EGF/PML/EPHA2/SFRP2/RSPO2/ADM/HMGA2/HS3ST3A1/MMP14/TGFBR2/SHH/SPINT1/NPNT/FOXC2/TACSTD2/CSF1/SOCS3/COL13A1/TGM2/HOXB7,43
GO:0010811,positive regulation of cell-substrate adhesion,30/1424,137/21338,0.21897810218978103,3.2812884441892893,7.163161337795575,5.7622198708655205e-9,1.4635509827973573e-7,1.0266823429982508e-7,ITGA3/FBLN1/CARMIL1/CASS4/NRP1/FOXF1/ECM2/SPOCK2/FN1/NID1/PTK2B/SDC4/RREB1/RRAS/EMILIN1/SKAP1/CCN1/COL8A1/DMP1/ITGA5/EGFLAM/NPNT/EFEMP2/MYADM/CSF1/NPY2R/S100A10/EGFL6/CD3E/VIT,30
GO:0043299,leukocyte degranulation,24/1424,93/21338,0.25806451612903225,3.8669807901413553,7.40935343163225,6.254688831573275e-9,1.5670684190235847e-7,1.0992999184808471e-7,SPI1/RAB27A/FCGR2B/IL4R/HCK/FOXF1/NKG7/VAMP8/CCR2/NCKAP1L/ADGRE2/RAC2/PRAM1/FCER1G/ITGB2/F2RL1/ITGAM/FCER1A/FES/S100A13/FCGR3A/CD177/LYN/MILR1,24
GO:0061138,morphogenesis of a branching epithelium,41/1424,230/21338,0.1782608695652174,2.671159013190034,6.8139755787150795,7.023900900306219e-9,1.7518621299547538e-7,1.2289328744490257e-7,SNAI2/TNC/FGF10/TP63/GLI2/CELSR1/TFAP2C/NRP1/NFATC4/CTSZ/FOXF1/TGFB1/WNT2/ENG/AREG/VDR/FGF1/RDH10/HS3ST3B1/SPRY2/IL10/YAP1/EGF/PML/EPHA2/SFRP2/RSPO2/ADM/HMGA2/HS3ST3A1/MMP14/TGFBR2/SHH/SPINT1/NPNT/FOXC2/TACSTD2/CSF1/SOCS3/TGM2/HOXB7,41
GO:0071887,leukocyte apoptotic process,31/1424,146/21338,0.21232876712328766,3.181651146683084,7.073236572022413,7.064016706030395e-9,1.7527546533637042e-7,1.229558980430609e-7,CD74/FAS/BCL3/LILRB1/JAK3/CXCL12/PERP/CD274/STAT5A/RIPK3/IDO1/LGALS3/IL2RA/ANXA1/CTSL/IL6/IL10/NFKBIZ/ADAM8/FCER1G/CD3G/CCR5/NOD2/IL7R/CCL19/HCLS1/HCAR2/GAS6/FCAR/LYN/CCL5,31
GO:0001704,formation of primary germ layer,32/1424,154/21338,0.2077922077922078,3.1136728440099226,7.039414949274911,7.090790000965681e-9,1.7527546533637042e-7,1.229558980430609e-7,ITGA3/LAMA3/ITGB5/LAMB1/FOXF1/DKK1/COL12A1/FN1/MMP8/DUSP1/TWSG1/COL5A1/ITGB4/ELF5/ITGA7/DUSP5/GATA6/COL6A1/EPHA2/COL8A1/SFRP2/CRB2/HMGA2/GJA1/FZD7/MMP14/ITGB2/ITGA5/ITGA2/FOXC2/LAMB3/COL5A2,32
GO:0051607,defense response to virus,61/1424,420/21338,0.14523809523809525,2.1763275815944354,6.5108136881597565,7.713888309082934e-9,1.8836088242398464e-7,1.3213533000855553e-7,PTPRC/OPRK1/OAS1/CD40/TLR8/PYCARD/CD37/LILRB1/DHX58/UNC93B1/OAS2/TRIM38/GBP3/GBP1/TNFAIP3/VAMP8/TRIM6/IRF1/IL1B/TICAM1/APOBEC3A/APOBEC3F/RIPK3/BST2/SHFL/TRIM22/RSAD2/OASL/IL6/RTP4/TLR2/CASP1/PML/PMAIP1/IFITM3/FCN3/GBP5/MX1/SPON2/ZC3H12A/IL15/F2RL1/MLKL/CXCL10/RNASE2/RNASE6/TRIM56/NLRP6/PRF1/RNF135/MX2/STING1/IFITM2/IFITM1/PLSCR1/TLR7/MICA/GBP7/APOBEC3G/APOBEC3C/IKBKE,61
GO:0050678,regulation of epithelial cell proliferation,63/1424,442/21338,0.1425339366515837,2.1358069805277338,6.452477669288673,9.167707562824425e-9,2.2166636146444908e-7,1.5549915378911573e-7,TNMD/CCL26/ALOX5/SNAI2/CYBA/FGF10/TP63/B4GALT1/LAMB1/NRP1/HMOX1/TGFB1/CAV1/WNT2/ENG/GATA3/CXCL12/CCL2/AREG/VDR/BMP5/THBS4/FGF1/ERRFI1/F3/NRP2/TNFAIP3/RREB1/RUNX2/EREG/GDF5/NR1D1/STAT5A/ZFP36/SERPINF1/HLX/IL10/YAP1/THBS1/EGF/GATA6/ERBB2/PROK1/ECM1/AGTR1/SFRP2/EGFR/HMGA2/VEGFC/FZD7/CD109/SHH/NOD2/LRG1/SFN/NUPR1/EGR3/TACSTD2/CXCR3/C5AR1/ANG/TNFSF12/CCL5,63
GO:0001649,osteoblast differentiation,49/1424,306/21338,0.16013071895424835,2.3994868546669603,6.593737779223901,9.939978839233358e-9,2.382582806616238e-7,1.6713840016756024e-7,MRC2/LTF/WWTR1/SNAI2/IBSP/TNC/TP63/GLI2/FOSL2/PTHLH/CCN4/COL1A1/AREG/TCIRG1/LOX/FHL2/CCN2/SPP1/TNFAIP6/RUNX2/TWSG1/GDPD2/IL6/YAP1/ITGA11/COL6A1/EPHA2/CCN1/SFRP2/IGFBP3/RSPO2/VEGFC/FZD1/CREB3L1/DNAI3/DDR2/SHH/NPNT/JUNB/CEBPB/FAM20C/TMT1A/IFITM1/OSTN/RORB/CLIC1/CEBPD/TWIST2/CLEC5A,49
GO:0030574,collagen catabolic process,17/1424,50/21338,0.34,5.094747191011236,7.751523837510787,1.1192275743820161e-8,2.6370906720652016e-7,1.849921500322347e-7,MRC2/FAP/ADAMTS2/CST3/MMP8/MMP19/CTSL/MMP7/MMP13/ADAMTS14/FURIN/MMP3/MMP14/CTSS/CTSB/MMP10/MMP1,17
GO:0001959,regulation of cytokine-mediated signaling pathway,40/1424,225/21338,0.17777777777777778,2.663920099875156,6.709515724455629,1.1571587555044079e-8,2.7149101818762314e-7,1.9045119570969072e-7,CD74/CASP8/TNFRSF1A/TXK/PTPRC/OAS1/IRAK3/CD40/PYCARD/CAV1/PTPN6/IL1R2/IL1R1/MMP8/TNFAIP3/TRIM6/CXCR4/IRAK2/IL6/IL1RN/CASP1/ECM1/TSLP/ANGPT1/LAPTM5/RBM47/F2RL1/TNFRSF11B/AGPAT2/TRIM56/NLRP6/GAS6/CSF1/STING1/CD300LF/CASP4/ANXA4/CARD16/IKBKE/CCL5,40
GO:0150076,neuroinflammatory response,27/1424,118/21338,0.2288135593220339,3.4286683488859264,7.074226303704561,1.2180135270368196e-8,2.8218162758171007e-7,1.9795066790424423e-7,TYROBP/TNFRSF1B/PTGS2/CST7/PTPRC/CTSC/MMP8/CLU/IL1B/NR1D1/IL6/CALHM2/MMP3/IL18/ITGB2/CD200R1/CCR1/ITGAM/FPR2/C1QA/NUPR1/TAFA3/C5AR1/PLCG2/AIF1/LYN/CCL5,27
GO:2000379,positive regulation of reactive oxygen species metabolic process,21/1424,76/21338,0.27631578947368424,4.140467918391485,7.334010413907139,1.4779899565241952e-8,3.381665450113417e-7,2.3722413830249156e-7,TYROBP/FAS/CYBA/RAB27A/TGFB1/GADD45A/CDKN1A/RIPK3/THBS1/AGTR1/LCN2/ITGB2/TGFBR2/ZC3H12A/PRKCD/F2RL1/ITGAM/FPR2/CLEC7A/PLCG2/CD177,21
GO:0051216,cartilage development,40/1424,228/21338,0.17543859649122806,2.6288685196136408,6.612287962795679,1.701374483396931e-8,3.8294758189304096e-7,2.6863807632583125e-7,SCIN/SNAI2/CD44/CHRDL2/FOSL2/PTHLH/NFATC2/TIMP1/CCN4/TGFB1/COMP/GATA3/COL1A1/MGP/BMP5/EFEMP1/ERRFI1/CCN2/HOXB3/TGFBI/RUNX2/GDF5/TWSG1/CHI3L1/LOXL2/MMP13/LUM/COL6A1/CCN1/ECM1/SFRP2/RSPO2/SERPINH1/HMGA2/ADAMTS12/RUNX1/TGFBR2/LTBP3/COL3A1/BGN,40
GO:0060759,regulation of response to cytokine stimulus,41/1424,238/21338,0.1722689075630252,2.5813721556038143,6.560300911986952,1.9373651110081785e-8,4.308108682591279e-7,3.022142151604388e-7,CD74/CASP8/TNFRSF1A/TXK/PTPRC/OAS1/IRAK3/CD40/PYCARD/CAV1/PTPN6/IL1R2/IL1R1/MMP8/TNFAIP3/TRIM6/CXCR4/IRAK2/IL6/IL1RN/TLR2/CASP1/ECM1/TSLP/ANGPT1/LAPTM5/RBM47/F2RL1/TNFRSF11B/AGPAT2/TRIM56/NLRP6/GAS6/CSF1/STING1/CD300LF/CASP4/ANXA4/CARD16/IKBKE/CCL5,41
GO:0002544,chronic inflammatory response,14/1424,35/21338,0.4,5.9938202247191015,7.9065853650303515,2.0003186473346707e-8,4.395144583449235e-7,3.0831979150647184e-7,VNN1/TNFAIP3/IDO1/IL10/THBS1/CYP19A1/S100A8/NFKBIZ/CXCL13/VCAM1/S100A9/CAMP/CEBPB/CCL5,14
GO:0031214,biomineral tissue development,37/1424,203/21338,0.18226600985221675,2.731174240327669,6.6272002860443875,2.0538260570279e-8,4.4948754457563165e-7,3.1531592055057e-7,LTF/ALOX5/IBSP/FOSL2/PTHLH/TGFB1/COMP/ASPN/COL1A1/FAM20A/TCIRG1/MGP/VDR/LOX/SPP1/PTK2B/SRGN/RUNX2/KL/MMP13/COL6A1/CCN1/ECM1/RSPO2/DSPP/DMP1/DDR2/CLEC3B/CCR1/SGMS2/COL1A2/WDR72/LTBP3/CEBPB/FAM20C/FAM83H/GAS6,37
GO:0007204,positive regulation of cytosolic calcium ion concentration,33/1424,170/21338,0.19411764705882353,2.908765697290152,6.681586432100188,2.4325188496681934e-8,5.26127221508312e-7,3.6907872348995207e-7,CD4/ITPR3/JPH1/CAV1/CCR2/CXCR4/PTGFR/PTGER2/SWAP70/C5AR2/PML/AGTR1/CXCL13/CCR5/CXCR1/CCR1/F2RL1/BDKRB2/FPR2/FPR1/PTGER4/C3AR1/ADRA1D/SAA1/XCR1/C1QTNF1/CHRNA9/CMKLR1/CCR4/NPY2R/CXCR3/FPR3/C5AR1,33
GO:0030879,mammary gland development,32/1424,162/21338,0.19753086419753085,2.9599112220835067,6.695983342389327,2.559097115390493e-8,5.513510010862709e-7,3.8677322776125013e-7,FGF10/GLI2/TFAP2C/FOXF1/TGFB1/CAV1/WNT2/GATA3/AREG/OAS2/VDR/PERP/PRLR/TGFB3/RREB1/STAT5A/ELF5/CYP19A1/EGF/PML/TNFRSF11A/EPHA2/ELF3/TGFBR2/ITGA2/STAT6/HOXB9/SOSTDC1/CEBPB/OXTR/CSF1R/CSF1,32
GO:0001776,leukocyte homeostasis,28/1424,132/21338,0.21212121212121213,3.1785410282601294,6.713759073214027,3.8180887801824235e-8,8.03831086534984e-7,5.63888236897064e-7,CD74/FAS/TNFSF13B/TGFB1/JAK3/TCIRG1/TNFAIP3/CCR2/SASH3/NCKAP1L/CXCL6/TNFSF14/STAT5A/RIPK3/IL2RA/ANXA1/IL6/SIT1/PMAIP1/FCER1G/TNFSF13/IL7R/GPR183/GAPT/HCAR2/CSF1/FCAR/LYN,28
GO:0048146,positive regulation of fibroblast proliferation,18/1424,60/21338,0.3,4.495365168539325,7.25012006845073,3.872570747850534e-8,8.091480841829587e-7,5.676181155737228e-7,CD74/FGF10/FOSL2/FBLN1/TGFB1/WNT2/FN1/CDKN1A/EREG/LIF/PML/EGFR/HMGA2/DDR2/PDGFD/CD248/GAS6/S100A6,18
GO:0043300,regulation of leukocyte degranulation,17/1424,54/21338,0.3148148148148148,4.71735851019559,7.313868102832768,4.150119169592696e-8,8.606445633720884e-7,6.037429424717938e-7,SPI1/FCGR2B/IL4R/FOXF1/VAMP8/CCR2/NCKAP1L/ADGRE2/RAC2/PRAM1/FCER1G/ITGB2/F2RL1/ITGAM/FES/CD177/LYN,17
GO:2000106,regulation of leukocyte apoptotic process,26/1424,117/21338,0.2222222222222222,3.329900124843945,6.757557265151331,4.276459992907579e-8,8.802512632241363e-7,6.174970602163557e-7,CD74/BCL3/LILRB1/JAK3/CXCL12/PERP/CD274/STAT5A/RIPK3/IDO1/LGALS3/ANXA1/IL10/ADAM8/FCER1G/CD3G/CCR5/NOD2/IL7R/CCL19/HCLS1/HCAR2/GAS6/FCAR/LYN/CCL5,26
GO:0035456,response to interferon-beta,14/1424,38/21338,0.3684210526315789,5.520623891188645,7.458350594390881,6.895203586202936e-8,1.378293944289013e-6,9.668744530909686e-7,OAS1/TRIM6/IRF1/BST2/SHFL/XAF1/IFITM3/MNDA/PYHIN1/STING1/IFITM2/IFITM1/PLSCR1/IKBKE,14
GO:0061041,regulation of wound healing,30/1424,154/21338,0.19480519480519481,2.919068291259303,6.391300364412864,9.572300756138018e-8,1.8728561585419155e-6,1.3138102953375223e-6,TNFRSF12A/PLAUR/ALOX5/FAP/CCN4/CAV1/SERPINE1/ADTRP/HBEGF/F3/TNFAIP3/PLAU/RREB1/FOXA2/ANXA1/THBS1/EMILIN1/SERPING1/ANGPT1/CD109/DDR2/PRKCD/F2RL1/CLEC7A/C1QTNF1/FOXC2/THBD/ANXA2/PROS1/CLDN4,30
GO:0032964,collagen biosynthetic process,17/1424,57/21338,0.2982456140350877,4.469076483343189,7.012901010928592,1.0147434868131401e-7,1.9783924952409707e-6,1.3878441313345024e-6,VIM/FOSL2/TGFB1/PCOLCE/COL1A1/ERRFI1/TGFB3/COL5A1/IL6/EMILIN1/RCN3/SERPINH1/CREB3L1/RUNX1/CYGB/DDR2/ITGA2,17
GO:0061448,connective tissue development,48/1424,321/21338,0.14953271028037382,2.240680457838916,5.989209676526024,1.2341312370583493e-7,2.38097026466623e-6,1.6702528020338561e-6,SCIN/SNAI2/CD44/CHRDL2/SPI1/FOSL2/PTHLH/NFATC2/TIMP1/CCN4/TGFB1/COMP/GATA3/COL1A1/MGP/BMP5/LOX/EFEMP1/ERRFI1/CCN2/HOXB3/TGFBI/EGR1/RUNX2/GDF5/TWSG1/COL5A1/CHI3L1/LOXL2/MMP13/LUM/COL6A1/CCN1/ECM1/SFRP2/RSPO2/SERPINH1/HMGA2/ADAMTS12/RUNX1/TGFBR2/LTBP3/COL3A1/PDGFD/PLAAT3/FOXC2/BGN/CSF1,48
GO:0034341,response to type II interferon,32/1424,174/21338,0.1839080459770115,2.7557794136639546,6.21853556138884,1.4689494837631113e-7,2.804680445378051e-6,1.967485878434077e-6,NOS2/WAS/SLC11A1/CD74/VIM/SP100/TXK/CD40/HCK/CCL2/KYNU/CD58/GBP3/GBP1/IRF1/BST2/ASS1/SHFL/TLR2/CASP1/RAB20/IFITM3/GBP5/CXCL16/GBP4/IFITM2/IFITM1/FCAR/AIF1/GBP7/MRC1/CCL5,32
GO:0042476,odontogenesis,28/1424,141/21338,0.19858156028368795,2.975655430711611,6.293989019213067,1.667988166684702e-7,3.162893999634656e-6,2.21877301192017e-6,TNC/FGF10/TP63/GLI2/LAMB1/TGFB1/SERPINE1/ASPN/COL1A1/FAM20A/TCIRG1/PERP/CSF3R/TGFB3/RUNX2/RSPO2/DSPP/DMP1/CAMP/SHH/COL1A2/TNFRSF11B/FPR2/SOSTDC1/FAM20C/CSF1/TMT1A/SP6,28
GO:0042832,defense response to protozoan,13/1424,35/21338,0.37142857142857144,5.565690208667737,7.228738272640811,1.8186385092187808e-7,3.42510252569537e-6,2.4027125309764776e-6,SLC11A1/BCL3/IL4R/CD40/CD37/NKG7/GBP1/IL10/BATF/GBP4/BATF2/CLEC7A/GBP7,13
GO:0002532,production of molecular mediator involved in inflammatory response,30/1424,161/21338,0.18633540372670807,2.7921522785958546,6.10376845391344,2.652921767151595e-7,4.816140270399469e-6,3.3785267716270536e-6,NOS2/ALOX5/CD6/IL4R/HMOX1/PYCARD/SERPINE1/CCL7/PTPN6/IL1R2/VAMP8/TICAM1/ZFP36/LBP/ALOX5AP/IL6/GBP5/NCF1/SLAMF8/FCER1G/S100A9/IL17RC/CCR1/ZC3H12A/CAMP/NOD2/CLEC7A/STING1/GPSM3/LYN,30
GO:0043542,endothelial cell migration,47/1424,325/21338,0.14461538461538462,2.1669965427830595,5.6690415692735066,4.517510885267e-7,7.696448545145656e-6,5.39906564101546e-6,DCN/SNAI2/SP100/PTGS2/FAP/NRP1/HMOX1/CD40/SRPX2/TGFB1/HSPB1/MEOX2/GATA3/ADTRP/NR2E1/FGF1/FN1/GADD45A/NRP2/PTK2B/RRAS/STAT5A/RHOJ/SERPINF1/LOXL2/ANXA1/THBS1/CYP1B1/EGF/EPHA2/RAB13/S100A8/LCN2/VEGFC/ANGPT1/CXCL13/ITGB2/S100A9/S100A12/FSTL1/ZC3H12A/FOXC2/EGR3/EPHB4/S100A2/DPP4/TNFSF12,47
GO:0050818,regulation of coagulation,19/1424,77/21338,0.24675324675324675,3.6974865022617833,6.340963027489055,4.986927579278116e-7,8.367460001958462e-6,5.8697807870929026e-6,PLAUR/FAP/PROCR/CAV1/SERPINE1/ADTRP/F3/PLAU/FOXA2/THBS1/EMILIN1/SERPING1/ANGPT1/PRKCD/F2RL1/C1QTNF1/THBD/ANXA2/PROS1,19
GO:0002577,regulation of antigen processing and presentation,13/1424,38/21338,0.34210526315789475,5.1262936132466,6.807764849222404,5.52298743725055e-7,9.101423047635803e-6,6.384656529904301e-6,HFE/WAS/SLC11A1/CD74/FCGR2B/CST7/PYCARD/LILRB2/THBS1/CTSS/NOD2/CCL19/HLA-DOA,13
GO:0040013,negative regulation of locomotion,60/1424,463/21338,0.12958963282937366,1.9418424054165555,5.478957295913337,6.04941151260712e-7,9.822754118857955e-6,6.8906709311684745e-6,DCN/WAS/CD74/SERPINB1/PTPRU/CNN2/SP100/FBLN1/ARHGAP4/NRP1/HMOX1/RIN3/TIMP1/TGFB1/HAS1/SERPINE1/MEOX2/ENG/GATA3/CXCL12/CCL2/CD69/ADTRP/BMP5/GADD45A/DUSP1/TNFAIP6/RRAS/ATP1B2/BST2/GDF15/SERPINF1/STK26/C5AR2/CD63/THBS1/CYP19A1/CYP1B1/EMILIN1/SFRP2/IGFBP3/GJA1/CXCL13/SLAMF8/CYGB/DNAI3/ADORA1/CD200R1/SHH/DLC1/COL3A1/PTGER4/ALOX15B/MAPK15/TACSTD2/IFITM1/ELANE/DPP4/AIF1/ADORA3,60
GO:0030193,regulation of blood coagulation,18/1424,71/21338,0.2535211267605634,3.798900142427599,6.316927389936387,6.435797398060574e-7,1.0389215799726353e-5,7.288044314513893e-6,PLAUR/FAP/CAV1/SERPINE1/ADTRP/F3/PLAU/FOXA2/THBS1/EMILIN1/SERPING1/ANGPT1/PRKCD/F2RL1/C1QTNF1/THBD/ANXA2/PROS1,18
GO:0140895,cell surface toll-like receptor signaling pathway,20/1424,86/21338,0.23255813953488372,3.484779200418082,6.174183700077628,7.020471729770523e-7,1.1300102316203309e-5,7.927032032696828e-6,LTF/CYBA/IFI35/OAS1/CAV1/TNFAIP3/NMI/NR1D1/TICAM1/LBP/IRAK2/PTPN22/TLR2/RAB13/LY96/SQSTM1/F2RL1/CD14/TLR5/LYN,20
GO:0010755,regulation of plasminogen activation,9/1424,18/21338,0.5,7.492275280898877,7.36854941664771,7.173467393623731e-7,1.151289535028829e-5,8.076306539274316e-6,PLAUR/CTSZ/SERPINE1/PLAU/THBS1/RUNX1/CLEC3B/ANXA2/S100A10,9
GO:0002438,acute inflammatory response to antigenic stimulus,13/1424,39/21338,0.3333333333333333,4.994850187265917,6.67721892900286,7.779626562294566e-7,1.2413772990036027e-5,8.70827302134596e-6,CD6/FCGR2B/GATA3/C3/FCGR2A/FCGR1A/FCER1G/IL31RA/NLRP6/FCER1A/ELANE/FCGR3A/HLA-E,13
GO:0044706,multi-multicellular organism process,38/1424,246/21338,0.15447154471544716,2.3146866721476207,5.545916855097344,1.1019552135778366e-6,1.6901734120721556e-5,1.1856581828552901e-5,ITGA3/TEAD3/HEXB/PRDM1/PTGS2/FBLN1/B4GALT1/PTHLH/LAMB1/PCSK5/TIMP1/TGFB1/VDR/PRLR/ERRFI1/RGS2/SPP1/PTGFR/TEKT3/IL1B/FOSB/STAT5A/LIF/IDO1/ITGB4/HAVCR2/GJA1/ITGA5/IGFBP7/TCF23/ITGA2/CTSB/JUNB/THBD/OXTR/SERPINA5/CLDN4/DDO,38
GO:0034113,heterotypic cell-cell adhesion,19/1424,81/21338,0.2345679012345679,3.514894576224164,6.063923716540912,1.1512611358750626e-6,1.7464473724219785e-5,1.2251344171244359e-5,CD44/PTPRC/PERP/CD58/CD2/IL1B/LILRB2/ITGA7/IL10/IL1RN/SKAP1/CD1D/ITGB2/ITGA5/VCAM1/CD200R1/ITGAM/MYADM/LCK,19
GO:0070673,response to interleukin-18,9/1424,19/21338,0.47368421052631576,7.09794500295683,7.11081386755694,1.2820372280696732e-6,1.9133800894398328e-5,1.3422378696487713e-5,GSDMD/IL18R1/IL18RAP/CASP1/CASP5/IL18/NLRP3/NLRP6/CASP4,9
GO:0097028,dendritic cell differentiation,19/1424,82/21338,0.23170731707317074,3.4720300082214304,5.997390339203372,1.4055743743004559e-6,2.0698577953461765e-5,1.452007122387649e-5,TMEM176A/SPI1/FCGR2B/RELB/LILRB1/TGFB1/TMEM176B/LTBR/LILRB2/TRPM2/BATF/TGFBR2/F2RL1/BATF2/CEBPB/CLEC12A/CCL19/GAS6/LYN,19
GO:0070672,response to interleukin-15,7/1424,11/21338,0.6363636363636364,9.535623084780388,7.57197391669086,1.5105848069315443e-6,2.2010810726263054e-5,1.544060370520055e-5,CD4/IL2RB/JAK3/STAT5A/IL15RA/IL2RG/IL15,7
GO:0001909,leukocyte mediated cytotoxicity,47/1424,339/21338,0.13864306784660768,2.077504060190249,5.347636507721331,1.5279365027127256e-6,2.2205208439685988e-5,1.557697387763492e-5,NOS2/TYROBP/SPI1/RAB27A/FCGR2B/PTPRC/ICAM1/GZMB/LILRB1/TGFB1/NKG7/CTSC/CRTAM/PTPN6/IL18RAP/CD2/NCKAP1L/TREM1/CXCL6/HCST/STAT5A/RIPK3/HAVCR2/VAV1/NECTIN4/FCGR2A/FCGR1A/IL18/MR1/CD1D/CD1C/NCF1/SLAMF6/F2RL1/SCNN1B/IL7R/ITGAM/NLRP6/PRF1/SH2D1A/HLA-DRB1/ELANE/FCGR3A/HLA-DRA/MICA/HLA-C/HLA-E,47
GO:0010454,negative regulation of cell fate commitment,8/1424,15/21338,0.5333333333333333,7.991760299625468,7.243532762628986,1.6253382108780583e-6,2.3497382959874176e-5,1.648343547654263e-5,LGALS1/JAK3/DKK1/CD69/STAT5A/SFRP2/FZD7/SOSTDC1,8
GO:0007492,endoderm development,21/1424,99/21338,0.21212121212121213,3.1785410282601294,5.809767196181977,1.8675923556437646e-6,2.685937369662214e-5,1.8841875030281592e-5,LAMA3/ITGB5/LAMB1/TGFB1/DKK1/COL12A1/FN1/MMP8/DUSP1/COL5A1/ITGA7/DUSP5/GATA6/COL6A1/COL8A1/HMGA2/MMP14/ITGB2/ITGA5/LAMB3/COL5A2,21
GO:0045730,respiratory burst,13/1424,42/21338,0.30952380952380953,4.6380751738897805,6.31087701299882,2.0243009409614437e-6,2.8888026572431737e-5,2.0264976864209787e-5,SLC11A1/CYBA/NCF4/HCK/NCF2/RAC2/LBP/JCHAIN/NCF1/SLAMF8/S100A9/CYBB/CLEC7A,13
GO:0051347,positive regulation of transferase activity,31/1424,186/21338,0.16666666666666666,2.4974250936329585,5.484894541347727,2.0892593858718574e-6,2.9435697759726397e-5,2.0649168699255803e-5,CD4/LTF/CD74/LCP2/ARHGEF5/PTPRC/CASS4/CEMIP/TNFRSF10A/PRLR/FGF1/PTK2B/CDKN1A/EREG/RIPK3/CHI3L1/PLAAT4/PIK3R5/ERBB2/HMGA2/ANGPT1/DDR2/S100A12/FBN1/CIMAP3/TCIM/CSF1R/GAS6/LILRA5/HLA-DRB1/ELANE,31
GO:0002520,immune system development,38/1424,253/21338,0.15019762845849802,2.2506439578984767,5.351180114421953,2.2144963329138096e-6,3.092115296130419e-5,2.1691216871612495e-5,BCL3/FGF10/PTPRC/IRAK3/CD40/TGFB1/GATA3/LTBR/TNFSF4/TNFAIP3/STAT5A/RIPK3/FOXJ1/LILRB2/IDO1/SWAP70/IL2RA/HAVCR2/IL10/TNFRSF11A/NFKBIZ/BATF/AIRE/TNFSF13/PDPN/TGFBR2/IL15/SHH/STAT6/IL7R/CD248/CLCF1/HOXB4/CCR4/CD3E/MAFB/HLA-E/LYN,38
GO:0010712,regulation of collagen metabolic process,14/1424,49/21338,0.2857142857142857,4.281300160513643,6.149060848438516,2.403654115856212e-6,3.3439781003758406e-5,2.345803672972606e-5,VIM/FAP/CST3/TGFB1/ERRFI1/TGFB3/IL6/EMILIN1/CREB3L1/RUNX1/CYGB/DDR2/ITGA2/MFAP4,14
GO:0060348,bone development,36/1424,235/21338,0.15319148936170213,2.295505617977528,5.340028245369671,2.5507920700696672e-6,3.539783381447556e-5,2.4831612553903373e-5,TYROBP/LTF/FOSL2/PTPRC/PLS3/ACP5/CCN4/LILRB1/TGFB1/COMP/SFRP4/COL1A1/LOX/RUNX2/MMP13/FBLN5/COL6A1/ECM1/SERPINH1/ADAMTS12/GJA1/MMP14/DDR2/TGFBR2/FBN1/LTBP3/COL3A1/PTGER4/BNC2/FAM20C/BGN/ANXA2/HOXB4/OSTN/COL13A1/TGM2,36
GO:0006911,"phagocytosis, engulfment",15/1424,56/21338,0.26785714285714285,4.013718900481541,6.038554046918608,2.5896528465097404e-6,3.5757874840709305e-5,2.5084181660640356e-5,MARCO/MSR1/FCGR2B/NCKAP1L/C3/THBS1/TIMD4/FCGR1A/FCER1G/ITGB2/ITGA2/F2RL1/ITGAM/PLCG2/AIF1,15
GO:0070269,pyroptotic inflammatory response,15/1424,56/21338,0.26785714285714285,4.013718900481541,6.038554046918608,2.5896528465097404e-6,3.5757874840709305e-5,2.5084181660640356e-5,CASP8/GZMB/PYCARD/GSDMD/GBP3/GBP1/CASP1/GZMA/GBP5/NLRP3/GSDMA/NLRP6/PRF1/CASP4/ELANE,15
GO:1905954,positive regulation of lipid localization,22/1424,110/21338,0.2,2.9969101123595507,5.614909247058943,3.019809052537729e-6,4.118394759581626e-5,2.8890576623967385e-5,MSR1/APOB/PLTP/LIPG/RETN/PLIN3/CAV1/SPP1/LRAT/IL1B/C3/CYP19A1/ABCA8/TNFRSF11A/PTGES/PLA2R1/ZC3H12A/C1QTNF1/ABCA13/ANXA2/CES1/IKBKE,22
GO:1901655,cellular response to ketone,24/1424,127/21338,0.1889763779527559,2.831726090418473,5.5363589740636225,3.129343927395787e-6,4.2572917262875855e-5,2.9864940106273e-5,TNC/CYBA/TGFB1/SCNN1A/ERRFI1/TNFSF4/SPP1/PTGFR/PCK1/PTGER2/ASS1/SERPINF1/POSTN/FBXO32/MMP14/NCF1/IGFBP7/FBP1/SCNN1G/SCNN1B/PTGER4/P2RY6/CCL19/GAS6,24
GO:0003401,axis elongation,11/1424,32/21338,0.34375,5.150939255617978,6.283662166630081,3.92673040627486e-6,5.226515927774976e-5,3.666405667802185e-5,TNC/FGF10/TFAP2C/TGFB1/AREG/FGF1/RDH10/SPRY2/YAP1/SFRP2/SHH,11
GO:0002709,regulation of T cell mediated immunity,31/1424,192/21338,0.16145833333333334,2.419380559456929,5.282965503994659,4.134364160559247e-6,5.473229150426783e-5,3.839475217450991e-5,HFE/WAS/TNFRSF1B/FCGR2B/PTPRC/LILRB1/GATA3/IL1R1/IL18R1/SLAMF1/TNFSF4/CD274/CCR2/SASH3/NCKAP1L/IL1B/RIPK3/RSAD2/IL6/SECTM1/IL18/MR1/CD1D/CD1C/NLRP3/IL7R/CD7/HLA-DRB1/HLA-DRA/HLA-C/HLA-E,31
GO:0051338,regulation of transferase activity,45/1424,332/21338,0.1355421686746988,2.0310384797617433,5.0630784565427005,4.653510180488474e-6,6.120305432153131e-5,4.2933998164776776e-5,CD4/LTF/MVP/GPRC5A/CD74/LCP2/ARHGEF5/PTPRC/GCKR/CASS4/PYCARD/CEMIP/TNFRSF10A/PRLR/FGF1/ERRFI1/GADD45A/DUSP1/PTK2B/CDKN1A/EREG/ZFP36/RIPK3/CHI3L1/PLAAT4/PTPN22/PIK3R5/ERBB2/HMGA2/LATS2/ANGPT1/DIRAS3/DDR2/S100A12/FBN1/RGS14/CIMAP3/SFN/TCIM/CSF1R/GAS6/LILRA5/HLA-DRB1/ELANE/LYN,45
GO:0033273,response to vitamin,20/1424,98/21338,0.20408163265306123,3.0580715432240315,5.4605787068221225,6.085811417837268e-6,7.818361443286531e-5,5.484587649730008e-5,CD4/SNAI2/TNC/CYP26A1/CD40/TGFB1/COL1A1/FOLR1/VDR/KYNU/SPP1/LRAT/POSTN/KL/NFKBIZ/ITGA2/CXCL10/FES/GAS6/KANK2,20
GO:0008544,epidermis development,55/1424,446/21338,0.12331838565022421,1.8478705849750592,4.838930797911269,7.913469250304414e-6,1.000385370751953e-4,7.017712457011125e-5,WNT16/WAS/LAMA3/MCOLN3/FGF10/TP63/GLI2/FOSL2/PTHLH/TFAP2C/TGM5/SFRP4/DKK1/VDR/ERRFI1/CCN2/PPL/CSTA/CDKN1A/EREG/ZFP36/EDA2R/PLAAT4/EMP1/ANXA1/KRT7/YAP1/POU2F3/GATA6/COL6A1/EPHA2/CRABP2/NFKBIZ/EGFR/LATS2/IL18/CD109/TCHH/FABP5/SHH/TMC1/SPINT1/KRT80/ADAM9/AGPAT2/KRT75/SOSTDC1/CST6/SFN/ALOX15B/CLDN4/HLA-DRB1/LAMB3/LIPN/MAFB,55
GO:0071774,response to fibroblast growth factor,24/1424,134/21338,0.1791044776119403,2.683800100620493,5.228492078875018,8.222258508784063e-6,1.034696485525849e-4,7.258405238615597e-5,CD44/TNC/FGF10/GATA3/CCL2/COL1A1/FGF1/CCN2/RUNX2/FGFRL1/ZFP36/POSTN/KL/SPRY2/THBS1/FGF5/IQGAP1/CXCL13/CREB3L1/CXCL8/RHOD/FAM20C/EGR3/CCL5,24
GO:0044344,cellular response to fibroblast growth factor stimulus,23/1424,126/21338,0.18253968253968253,2.7352751025503834,5.224024689803861,9.102047108426498e-6,1.1249561348070875e-4,7.89157749767241e-5,CD44/FGF10/GATA3/CCL2/COL1A1/FGF1/CCN2/RUNX2/FGFRL1/ZFP36/POSTN/KL/SPRY2/THBS1/FGF5/IQGAP1/CXCL13/CREB3L1/CXCL8/RHOD/FAM20C/EGR3/CCL5,23
GO:0048144,fibroblast proliferation,23/1424,126/21338,0.18253968253968253,2.7352751025503834,5.224024689803861,9.102047108426498e-6,1.1249561348070875e-4,7.89157749767241e-5,CD74/FGF10/FOSL2/FBLN1/TGFB1/CAV1/WNT2/FN1/CDKN1A/EREG/LIF/PML/EGFR/HMGA2/DDR2/COL3A1/PDGFD/CD248/NUPR1/PARP10/GAS6/S100A6/IFI30,23
GO:0070254,mucus secretion,8/1424,18/21338,0.4444444444444444,6.65980024968789,6.42371372496795,9.219607487412924e-6,1.1369480324678254e-4,7.975700768621191e-5,CYBA/FOSL2/VAMP8/ANO1/ADORA1/SCNN1B/NLRP6/P2RY2,8
GO:0002269,leukocyte activation involved in inflammatory response,17/1424,77/21338,0.22077922077922077,3.3082773967605426,5.4260518515198255,9.97101147791355e-6,1.2187525508434287e-4,8.549560207621936e-5,TYROBP/CST7/PTPRC/CTSC/MMP8/CLU/NR1D1/IL6/CALHM2/ITGB2/SCNN1B/ITGAM/FPR2/C1QA/TAFA3/C5AR1/AIF1,17
GO:0008217,regulation of blood pressure,33/1424,220/21338,0.15,2.2476825842696626,4.974294370756893,1.0352501425339606e-5,1.2625947222930705e-4,8.857113438326721e-5,NOS2/CYBA/PTGS2/PTGS1/PCSK5/KCNK6/CTSZ/RARRES2/ENG/SCNN1A/EDN3/POSTN/KL/IER3/EMILIN1/SLC2A5/AGTR1/ADM/VEGFC/ADORA1/CPA3/F2RL1/ERAP2/COL1A2/ANPEP/SCNN1G/SCNN1B/AGTRAP/OXTR/GAS6/OSTN/MME/GJA5,33
GO:0044703,multi-organism reproductive process,35/1424,241/21338,0.14522821576763487,2.1761795421697983,4.910369945656474,1.1658396559716374e-5,1.412528265889487e-4,9.908898607705498e-5,ITGA3/TEAD3/PRDM1/PTGS2/FBLN1/PTHLH/LAMB1/PCSK5/TIMP1/TGFB1/VDR/PRLR/ERRFI1/RGS2/SPP1/PTGFR/IL1B/FOSB/STAT5A/LIF/IDO1/ITGB4/HAVCR2/GJA1/ITGA5/IGFBP7/TCF23/ITGA2/CTSB/JUNB/THBD/OXTR/SERPINA5/CLDN4/DDO,35
GO:0042445,hormone metabolic process,39/1424,283/21338,0.13780918727915195,2.065008734664708,4.822932529557246,1.3317133010885808e-5,1.5936612535410446e-4,1.1179548160349905e-4,HFE/HSD17B6/AFP/CYP26A1/PCSK5/CTSZ/CPQ/GATA3/BMP5/SLC16A10/SPP1/EGR1/RDH10/LRAT/CPA4/CTSL/RDH5/CYP19A1/CYP1B1/CYP11A1/FURIN/CRABP2/ADM/CPA3/PLB1/SHH/CTSB/ALDH1A1/ANPEP/CYP2S1/SCNN1B/SULT1B1/BACE2/ALDH1A3/SULT1A1/MME/ADH1B/DPP4/DDO,39
GO:1901654,response to ketone,35/1424,243/21338,0.1440329218106996,2.1582685994358903,4.855847919775375,1.3982460296817496e-5,1.661392331834302e-4,1.1654682289418696e-4,TNC/CYBA/PTPRC/TGFB1/CAV1/SCNN1A/ERRFI1/TNFSF4/SPP1/TGFB3/DUSP1/PTGFR/PCK1/PTGER2/FOSB/ASS1/SERPINF1/POSTN/YAP1/THBS1/FBXO32/MMP14/NCF1/IGFBP7/FBP1/CYBB/SCNN1G/SCNN1B/ITGAM/PTGER4/P2RY6/CCL19/GAS6/CLDN4/TAT,35
GO:0016264,gap junction assembly,8/1424,19/21338,0.42105263157894735,6.309284447072738,6.191156767524634,1.4992385857844336e-5,1.7699965990380402e-4,1.2416542209728562e-4,CAV1/IL1B/GJA1/GJB2/HOPX/IRX3/GJD3/GJA5,8
GO:0141091,transforming growth factor beta receptor superfamily signaling pathway,54/1424,446/21338,0.1210762331838565,1.814272937975513,4.647183741598142,1.612996477482465e-5,1.8990814774673466e-4,1.3322073803702383e-4,ITGA3/HFE/LTBP1/CHRDL2/SPI1/FGF10/ITGB5/TGFB1/COMP/CAV1/SFRP4/ASPN/ENG/DKK1/FOLR1/BMP5/LOX/LTBP2/TGFB3/EGR1/FMOD/TNFAIP6/RUNX2/GDF5/TWSG1/GDF15/SPRY2/THBS1/EMILIN1/CILP/PML/FURIN/CCN1/SFRP2/CRB2/LATS2/CD109/FZD1/FSTL1/TGFBR2/SHH/COL1A2/FBN1/RBPMS2/LTBP3/VASN/COL3A1/ADAM9/NPNT/HTRA3/LRG1/SOSTDC1/FAM83G/SLC2A10,54
GO:0050886,endocrine process,21/1424,113/21338,0.18584070796460178,2.7847394849358658,5.086659020437153,1.656435633240856e-5,1.926824391019878e-4,1.3516690594114902e-4,CYBA/OPRK1/PCSK5/CTSZ/RETN/GATA3/SPP1/EDN3/IL1B/CYP19A1/AGTR1/GJA1/RAB11FIP1/CPA3/F2RL1/ANPEP/C1QTNF1/OXTR/HCAR2/MME/GJA5,21
GO:0010721,negative regulation of cell development,43/1424,329/21338,0.13069908814589665,1.9584670947030496,4.685057096056621,1.8654741497350945e-5,2.1654361356568592e-4,1.5190554148786272e-4,TMEM176A/LTF/SNAI2/CD74/FCGR2B/IL4R/PTHLH/ARHGAP4/NRP1/LGALS1/NFATC4/LILRB1/TGFB1/JAK3/TMEM176B/CD69/NR2E1/TNFSF4/SPP1/TNFAIP6/IRF1/IL1B/NR1D1/STAT5A/FOXJ1/ANXA1/IL6/HLX/ERBB2/HMGA2/C1QC/RUNX1/CTLA4/ZC3H12A/SHH/TNFRSF11B/FBN1/CLEC12A/SOCS1/CR1/MAFB/LILRB3/LYN,43
GO:0099024,plasma membrane invagination,15/1424,65/21338,0.23076923076923078,3.4579732065687123,5.3071562571711395,1.8712367255725305e-5,2.1675811191412348e-4,1.5205601227400657e-4,MARCO/MSR1/FCGR2B/NCKAP1L/C3/THBS1/TIMD4/FCGR1A/FCER1G/ITGB2/ITGA2/F2RL1/ITGAM/PLCG2/AIF1,15
GO:0042063,gliogenesis,50/1424,405/21338,0.12345679012345678,1.8499445138021917,4.61790263294332,1.9550832363635195e-5,2.255269974946835e-4,1.582073934688901e-4,VIM/TNFRSF1B/HEXB/FGF10/LAMB1/NDRG1/TGFB1/CCL2/AREG/NR2E1/CLU/CCR2/CXCR4/EGR2/IL1B/NR1D1/RRAS/LIF/ATP1B2/ANO1/ITGB4/TSPAN2/IL6/TLR2/FGF5/ERBB2/COL6A1/S100A8/HMGA2/VEGFC/MMP14/MXRA8/S100A9/SHH/SPINT1/COL3A1/GPR183/FPR2/LAMB2/C1QA/CLCF1/GSX2/GPR157/CSF1R/CSF1/NCMAP/ROR1/LAMA2/C5AR1/LYN,50
GO:0019882,antigen processing and presentation,38/1424,278/21338,0.1366906474820144,2.0482479185191176,4.7043502129657115,2.0578410289882386e-5,2.3560772670614273e-4,1.652790341617001e-4,HFE/WAS/SLC11A1/CD74/RAB27A/FCGR2B/CST7/ICAM1/CD209/PYCARD/RELB/RAB34/UNC93B1/RAB32/LILRB2/CTSL/THBS1/FCGR1A/MR1/CD1D/CD1C/FCER1G/CTSS/ERAP2/NOD2/CCL19/HLA-DQB1/HLA-DRB1/HLA-DQA1/HLA-DOA/HLA-DMA/HLA-DRA/HLA-C/HLA-E/IFI30/HLA-DPB1/HLA-DQB2/HLA-DMB,38
GO:0006929,substrate-dependent cell migration,10/1424,31/21338,0.3225806451612903,4.8337259876766945,5.7119340529997285,2.059493222426821e-5,2.3560772670614273e-4,1.652790341617001e-4,TNFRSF12A/SNAI2/FBLN1/PTPRC/NRP1/FN1/ITGA11/VEGFC/ADAM8/ITGA2,10
GO:0003341,cilium movement,38/1424,279/21338,0.13620071684587814,2.0409065281301597,4.679908731511763,2.232264521686074e-5,2.5484636405310914e-4,1.7877495572483158e-4,SLC22A16/ZMYND10/CLXN/DNAH5/ZMYND12/APOB/PLTP/SPEF1/TEKT3/ROPN1L/TTC12/SPEF2/SPAG17/CFAP107/DRC1/RIBC1/DRC7/PIERCE1/DNAI3/CFAP221/SPMIP6/ARMC3/DNAAF3/TEKT1/ODAD2/CATSPER1/CFAP276/HOATZ/EFHC2/CFAP91/CFAP73/CFAP144/CFAP77/CFAP95/GMNC/CFAP45/CFAP90/GAS2L2,38
GO:0001659,temperature homeostasis,31/1424,210/21338,0.14761904761904762,2.2120050829320492,4.719840432306553,2.6099321241672483e-5,2.919433165962435e-4,2.0479850160929605e-4,PTGS2/IL4R/CAV1/PRLR/IL1A/IL18R1/EGR1/CCR2/CXCR4/G0S2/IL1B/NR1D1/TNFRSF11A/TRPM2/PTGES/LCN2/IL18/GJA1/SQSTM1/ADORA1/IL15/FABP5/ALDH1A1/STAT6/NOD2/SLN/CEBPB/CMKLR1/FOXC2/OXTR/GPR3,31
GO:0035455,response to interferon-alpha,10/1424,32/21338,0.3125,4.682672050561798,5.574802619648571,2.817138759608353e-5,3.127934866540254e-4,2.1942491483196373e-4,OAS1/GATA3/BST2/IFITM3/PYHIN1/GAS6/MX2/IFITM2/IFITM1/FCAR,10
GO:0009074,aromatic amino acid family catabolic process,9/1424,26/21338,0.34615384615384615,5.186959809853068,5.712362826142215,2.828540253590374e-5,3.127934866540254e-4,2.1942491483196373e-4,HAL/FAH/HGD/KYNU/IDO1/HDC/TDO2/HPD/TAT,9
GO:0035082,axoneme assembly,20/1424,110/21338,0.18181818181818182,2.7244637385086827,4.8488448887311915,3.629100416320304e-5,3.909402530187845e-4,2.7424494237603776e-4,ZMYND10/CLXN/DNAH5/ZMYND12/SPEF1/SPAG1/FOXJ1/TTC12/SPEF2/SPAG17/DRC1/DRC7/RSPH1/PIERCE1/DNAI3/DNAAF3/ODAD2/HOATZ/CFAP91/CFAP73,20
GO:0070669,response to interleukin-2,7/1424,16/21338,0.4375,6.555740870786517,5.944706600465713,3.888655653159754e-5,4.1406704522202996e-4,2.904684081003946e-4,IL2RB/JAK3/STAT5A/IL2RA/SECTM1/IL2RG/CD7,7
GO:0070944,neutrophil-mediated killing of bacterium,7/1424,16/21338,0.4375,6.555740870786517,5.944706600465713,3.888655653159754e-5,4.1406704522202996e-4,2.904684081003946e-4,TREM1/CXCL6/NCF1/F2RL1/SCNN1B/NLRP6/ELANE,7
GO:0031960,response to corticosteroid,26/1424,166/21338,0.1566265060240964,2.3469777988357925,4.658820318312304,4.105077953047957e-5,4.313058183306743e-4,3.0256142308492887e-4,CYBA/PTPRU/FOSL2/PTPRC/TGFB1/AREG/SCNN1A/ERRFI1/DUSP1/PCK1/FOSB/ZFP36/ASS1/SERPINF1/ANXA1/IL6/IL10/IL1RN/FBXO32/TRIM63/IGFBP7/CYBB/SCNN1G/SCNN1B/ADAM9/TAT,26
GO:0001935,endothelial cell proliferation,31/1424,216/21338,0.14351851851851852,2.150560497295048,4.5447629667773555,4.537127057215991e-5,4.7489740105491384e-4,3.331409579370612e-4,TNMD/CCL26/ALOX5/CYBA/FGF10/NRP1/HMOX1/CAV1/ENG/CXCL12/CCL2/THBS4/F3/NRP2/STAT5A/LOXL2/IL10/THBS1/EGF/EPHA2/PROK1/ECM1/COL8A1/AGTR1/MMP14/LRG1/COL8A2/EGR3/CXCR3/ANG/TNFSF12,31
GO:0051047,positive regulation of secretion,45/1424,364/21338,0.12362637362637363,1.8524856463760957,4.3867163889150795,4.829732717820998e-5,5.045703784636767e-4,3.5395657852551113e-4,SCIN/HFE/CYBA/RAB27A/ABCB11/IL4R/OPRK1/KCNN4/RETN/TGFB1/CD33/CXCL12/IL1A/SDC1/VAMP8/SPP1/TGFB3/SDC4/EDN3/IL1B/TLR2/CYP19A1/TNFRSF11A/S100A8/PTGES/VEGFC/ADAM8/PLA2R1/FCER1G/ITGB2/ADORA1/CAMP/F2RL2/F2RL1/ADAM9/ITGAM/C1QTNF1/P2RY2/ANXA2/HCAR2/NPY2R/HLA-DRB1/S100A10/CD177/ANG,45
GO:0033028,myeloid cell apoptotic process,13/1424,55/21338,0.23636363636363636,3.5418028600612868,5.047184819059443,5.0999782109238285e-5,5.317999878321136e-4,3.730581742156592e-4,SNAI2/STAT5A/ANXA1/CTSL/IL6/FCER1G/CCR5/NOD2/HCAR2/GAS6/FCAR/CLEC5A/CCL5,13
GO:1903978,regulation of microglial cell activation,8/1424,22/21338,0.36363636363636365,5.4489274770173655,5.582853514248927,5.2944158580793204e-05,5.510372294395713e-4,3.865531166662583e-4,CST7/PTPRC/CTSC/MMP8/NR1D1/IL6/CALHM2/TAFA3,8
GO:0070670,response to interleukin-4,11/1424,41/21338,0.2682926829268293,4.020245272677446,5.1762750830938975,5.507838613003704e-5,5.687213824061194e-4,3.9895856602541386e-4,IL4R/PTPRC/CD40/JAK3/GATA3/STAT5A/PML/IL2RG/STAT6/CD300LF/MRC1,11
GO:0019835,cytolysis,6/1424,12/21338,0.5,7.492275280898877,6.0155489990168025,5.690567057958365e-5,5.824153382609144e-4,4.0856488848849826e-4,GBP3/GBP1/GBP5/CAMP/SFN/GBP7,6
GO:0043615,astrocyte cell migration,6/1424,12/21338,0.5,7.492275280898877,6.0155489990168025,5.690567057958365e-5,5.824153382609144e-4,4.0856488848849826e-4,HEXB/CCL2/NR2E1/CCR2/MMP14/GPR183,6
GO:0001894,tissue homeostasis,39/1424,302/21338,0.1291390728476821,1.935090966589776,4.376411734112168,5.8426342875136465e-5,5.946813612125562e-4,4.171695147237879e-4,IL20RA/WWTR1/FOSL2/ACP5/COMP/IL10RA/TCIRG1/PERP/ERRFI1/TNFAIP3/CCN2/SPP1/PTK2B/CCR2/SASH3/RAC2/ATP1B2/NXNL2/IL6/YAP1/SLC39A8/TNFRSF11A/NFKBIZ/CRB2/ADAM8/GJA1/ANGPT1/F11R/TFF3/ALDH1A1/TPP1/NOD2/LTBP3/COL3A1/CSF1R/CSF1/COL14A1/SERPINA3/LAMA2,39
GO:0060249,anatomical structure homeostasis,39/1424,302/21338,0.1291390728476821,1.935090966589776,4.376411734112168,5.8426342875136465e-5,5.946813612125562e-4,4.171695147237879e-4,IL20RA/WWTR1/FOSL2/ACP5/COMP/IL10RA/TCIRG1/PERP/ERRFI1/TNFAIP3/CCN2/SPP1/PTK2B/CCR2/SASH3/RAC2/ATP1B2/NXNL2/IL6/YAP1/SLC39A8/TNFRSF11A/NFKBIZ/CRB2/ADAM8/GJA1/ANGPT1/F11R/TFF3/ALDH1A1/TPP1/NOD2/LTBP3/COL3A1/CSF1R/CSF1/COL14A1/SERPINA3/LAMA2,39
GO:0072001,renal system development,44/1424,356/21338,0.12359550561797752,1.8520231031435426,4.335062373977967,5.8652604349468304e-5,5.953963021170721e-4,4.176710464173068e-4,ITGA3/WWTR1/PRDM1/FGF10/GLI2/CYP26A1/PCSK5/NRP1/UPK3A/FOXF1/TGFB1/GATA3/FGF1/NID1/C1orf54/EGR1/RDH10/BICC1/SDC4/HS3ST3B1/LIF/FOXJ1/ASS1/SERPINF1/YAP1/STRA6/IQGAP1/AGTR1/HS3ST3A1/ANGPT1/ADAMTS1/SHH/FBN1/NPNT/EMX2/PDGFD/LAMB2/FOXC2/IRX3/TACSTD2/GCNT1/MME/KANK2/HOXB7,44
GO:0051209,release of sequestered calcium ion into cytosol,23/1424,141/21338,0.16312056737588654,2.4442883895131087,4.601174437031354,5.8768715172305915e-5,5.953963021170721e-4,4.176710464173068e-4,CYBA/PTPRC/ITPR3/CEMIP/JPH1/TGFB1/PTPN6/PLCH1/PTK2B/NGF/PLCB2/TRPM2/CCR5/CXCL10/CXCL11/P2RY6/CCL19/XCR1/LCK/CXCR3/PLCG2/RYR3/LYN,23
GO:0030216,keratinocyte differentiation,28/1424,189/21338,0.14814814814814814,2.21993341656263,4.504686096163686,5.892670644033873e-5,5.953963021170721e-4,4.176710464173068e-4,WNT16/TP63/FOSL2/TFAP2C/VDR/ERRFI1/PPL/CSTA/CDKN1A/EREG/ZFP36/PLAAT4/ANXA1/KRT7/YAP1/POU2F3/EPHA2/NFKBIZ/LATS2/CD109/TCHH/KRT80/ADAM9/KRT75/SFN/ALOX15B/LIPN/MAFB,28
GO:0006898,receptor-mediated endocytosis,40/1424,313/21338,0.12779552715654952,1.914958538248914,4.360617593397789,5.977775339241255e-5,6.028951193693775e-4,4.229314735269913e-4,SELE/STAB1/HFE/MARCO/MSR1/FCGR2B/SIGLEC1/RIN3/LILRB1/HAMP/CAV1/SERPINE1/SFRP4/DKK1/FOLR1/SDC1/CLU/C3/LYVE1/CTSL/CD63/EGF/ADM/FCGR1A/PLA2R1/ANGPT1/FCER1G/ITGB2/CXCL16/CXCR1/CXCL8/ITGAM/CD14/FPR2/CCL19/ANXA2/DPP4/PLCG2/ANG/MRC1,40
GO:0001794,type IIa hypersensitivity,7/1424,17/21338,0.4117647058823529,6.170109054857898,5.7024672714472,6.229856865080902e-5,6.213996161106346e-4,4.3591239478878776e-4,FCGR2B/C3/FCGR2A/FCGR1A/FCER1G/FCGR3A/HLA-E,7
GO:1902222,erythrose 4-phosphate/phosphoenolpyruvate family amino acid catabolic process,7/1424,17/21338,0.4117647058823529,6.170109054857898,5.7024672714472,6.229856865080902e-5,6.213996161106346e-4,4.3591239478878776e-4,FAH/HGD/KYNU/IDO1/TDO2/HPD/TAT,7
GO:0010038,response to metal ion,46/1424,379/21338,0.12137203166226913,1.8187053452313895,4.300355645880076,6.28127992175496e-5,6.244065875539894e-4,4.38021787985936e-4,HFE/SLC11A1/CASP8/CYBRD1/ITPKC/ITPR3/HMOX1/NFATC4/NFATC2/NDRG1/HAMP/CAV1/TCIRG1/IL1A/DUSP1/MT2A/FOSB/ASS1/SERPINF1/TESMIN/ALOX5AP/LOXL2/THBS1/SLC39A8/MTTP/CPNE8/IQGAP1/TRPM2/S100A8/CNGA3/KCNMB1/LCN2/VCAM1/SHH/FBP1/CYBB/ADAM9/MT1E/JUNB/PLSCR1/S100A16/CPNE4/PLCG2/TAT/RYR3/MT1A,46
GO:0001578,microtubule bundle formation,23/1424,142/21338,0.1619718309859155,2.4270750909954106,4.56253768294195,6.577244121304607e-5,6.514883846093669e-4,4.570196932042934e-4,ZMYND10/CLXN/DNAH5/ZMYND12/CAPN6/SPEF1/SPAG1/FOXJ1/TTC12/SPEF2/SPAG17/DRC1/DRC7/RSPH1/PIERCE1/DNAI3/DNAAF3/ODAD2/FES/HOATZ/CFAP91/CFAP73/GAS2L2,23
GO:0051235,maintenance of location,32/1424,232/21338,0.13793103448275862,2.066834560247966,4.368984698463452,7.528600137281179e-5,7.378028134535556e-4,5.175693433920364e-4,CD4/LTBP1/CYBA/SP100/PTPRC/ITPR3/KDELR3/CEMIP/JPH1/TGFB1/CAV1/PTPN6/PLCH1/PTK2B/SRGN/PCK1/NGF/PLCB2/PML/TRPM2/CCR5/FBN1/CXCL10/CXCL11/P2RY6/CCL19/XCR1/LCK/CXCR3/PLCG2/RYR3/LYN,32
GO:0048661,positive regulation of smooth muscle cell proliferation,20/1424,116/21338,0.1724137931034483,2.5835432003099577,4.573073453413984,7.921576514866689e-5,7.700998056064524e-4,5.40225712705495e-4,CYBA/HMOX1/CCN4/TGFB1/HBEGF/EREG/IL6/IL10/THBS1/IL18/GJA1/ADAMTS1/DDR2/ITGA2/RBPMS2/PDGFD/P2RY6/ELANE/AIF1/CCL5,20
GO:0043616,keratinocyte proliferation,14/1424,65/21338,0.2153846153846154,3.2274416594641315,4.809401871801188,7.941610782035114e-5,7.700998056064524e-4,5.40225712705495e-4,WNT16/SNAI2/FGF10/TP63/AREG/VDR/CDKN1A/EREG/ZFP36/YAP1/NFKBIZ/CD109/LRG1/SFN,14
GO:0061756,leukocyte adhesion to vascular endothelial cell,14/1424,65/21338,0.2153846153846154,3.2274416594641315,4.809401871801188,7.941610782035114e-5,7.700998056064524e-4,5.40225712705495e-4,SELE/ALOX5/CXCL12/SELPLG/CCR2/IL6/SLC39A8/ITGB2/VCAM1/LRG1/CHST2/GCNT1/SELL/ELANE,14
GO:0031341,regulation of cell killing,34/1424,255/21338,0.13333333333333333,1.997940074906367,4.286973223525803,9.04415826465918e-5,8.663928081560188e-4,6.077753414057982e-4,CFH/NOS2/TYROBP/SPI1/FCGR2B/PTPRC/ICAM1/LILRB1/TGFB1/CRTAM/IL18RAP/CLU/NCKAP1L/CXCL6/STAT5A/RIPK3/HAVCR2/VAV1/NECTIN4/MR1/CD1D/CD1C/SLAMF6/F2RL1/IL7R/ITGAM/PRF1/SH2D1A/HLA-DRB1/CR1/HLA-DRA/MICA/HLA-C/HLA-E,34
GO:0072091,regulation of stem cell proliferation,17/1424,91/21338,0.18681318681318682,2.799311643412767,4.599606715454011,9.614426378476033e-5,9.146920765914397e-4,6.416573220578146e-4,SNAI2/FGF10/TP63/FBLN1/PTPRC/TGFB1/NR2E1/RUNX2/YAP1/HMGA2/VEGFC/GJA1/CD109/TGFBR2/SHH/LTBP3/SFN,17
GO:0008037,cell recognition,30/1424,215/21338,0.13953488372093023,2.0908675202508493,4.298885356859755,1.007585098963074e-4,9.536749902493232e-4,6.690038713762921e-4,CD6/FCN1/B4GALT1/CD209/NRP1/CRTAM/FOLR1/FOLR3/GZMK/COLEC11/C4BPA/C3/PLA2G5/LBP/ATP8B3/LGALS3/DOCK2/HAVCR2/FCN3/FCGR1A/COLEC12/C1R/SPON2/PTX3/C2/EMB/CLEC7A/CCL19/PRF1/C1S,30
GO:0010744,positive regulation of macrophage derived foam cell differentiation,9/1424,30/21338,0.3,4.495365168539325,5.122998861043187,1.0155911235329752e-4,9.59612295392847e-4,6.731688963241743e-4,MSR1/APOB/IL1B/PLA2G5/AGTR1/IL18/ALOX15B/CSF1/PLA2G2A,9
GO:0007157,heterophilic cell-cell adhesion via plasma membrane cell adhesion molecules,12/1424,51/21338,0.23529411764705882,3.525776602775942,4.8290890691351205,1.0330116240572902e-4,9.744097721303604e-4,6.835493396882276e-4,SELE/CD6/ICAM1/CD209/CRTAM/CD164/AMIGO2/NECTIN4/CRB2/ITGA5/VCAM1/SELL,12
GO:0033002,muscle cell proliferation,36/1424,278/21338,0.12949640287769784,1.9404453964917954,4.220551668272275,1.0445500949240579e-4,9.83618006053488e-4,6.900089241442488e-4,CYBA/HMOX1/CCN4/TGFB1/WNT2/HBEGF/TNFAIP3/TGFB3/CDKN1A/EREG/CNN1/IL6/IL10/YAP1/THBS1/GATA6/IGFBP3/IL18/GJA1/ANGPT1/ADAMTS1/RUNX1/DDR2/ITGA2/SHH/RBPMS2/PDGFD/P2RY6/EFEMP2/FOXC2/SIX5/FES/ELANE/AIF1/ANG/CCL5,36
GO:0033033,negative regulation of myeloid cell apoptotic process,8/1424,24/21338,0.3333333333333333,4.994850187265917,5.23619798557783,1.0798085134962324e-4,0.0010150933343342342,7.120888955055131e-4,SNAI2/STAT5A/FCER1G/CCR5/NOD2/GAS6/CLEC5A/CCL5,8
GO:0006816,calcium ion transport,54/1424,481/21338,0.11226611226611227,1.682257235628022,4.0470371377204,1.2471041822428758e-4,0.0011624942520334686,8.154907730774786e-4,MCUB/CD4/CYBA/MCOLN3/PTPRC/ITPR3/CEMIP/JPH1/KCNN4/LILRB1/TGFB1/CAV1/CXCL12/CCL2/CCL8/VDR/PTPN6/PLCH1/RGS4/PTK2B/LILRB2/LGALS3/NGF/TMBIM1/PLCB2/CALHM2/EGF/PML/TRPM2/CNGA3/CACNA2D4/CCR5/CCR1/SPINK1/TMC1/PACSIN3/CXCL10/CXCL11/SLN/TMEM37/P2RY6/CCL19/XCR1/CHRNA9/CATSPER1/LCK/GAS6/ANO9/CXCR3/LILRA5/PLCG2/RYR3/LYN/CCL5,54
GO:0060142,regulation of syncytium formation by plasma membrane fusion,10/1424,38/21338,0.2631578947368421,3.943302779420461,4.856007613716977,1.429109932037911e-4,0.0013144487863278925,9.220870168246008e-4,TYROBP/EHD2/IL4R/NFATC2/CCL8/TNFSF14/GDF15/CD53/ADAM9/CXCL10,10
GO:0090287,regulation of cellular response to growth factor stimulus,48/1424,415/21338,0.11566265060240964,1.7331528360633546,4.03319306343781,1.4373275561595217e-4,0.0013163437663396306,9.234163470230388e-4,ITGA3/DCN/LTBP1/CHRDL2/FGF10/NRP1/CAV1/SFRP4/ASPN/ENG/GATA3/DKK1/FOLR1/LOX/FGF1/TNFAIP6/RUNX2/IL1B/GDF5/TWSG1/GDF15/CD63/SPRY2/THBS1/EMILIN1/CILP/CCN1/SFRP2/CRB2/LATS2/VEGFC/ADAMTS12/ANGPT1/CXCL13/CD109/FZD1/CREB3L1/ITGA5/FSTL1/FBN1/RBPMS2/VASN/NPNT/HTRA3/LRG1/SOSTDC1/FAM20C/SLC2A10,48
GO:0035821,modulation of process of another organism,24/1424,159/21338,0.1509433962264151,2.261818952724189,4.270564692395422,1.4397990426835597e-4,0.0013163437663396306,9.234163470230388e-4,LTF/CD74/FBLN1/FCN1/CCL8/SLPI/CXCL6/POU2F3/IFITM3/FCN3/STOM/HMGA2/PTX3/ZC3H12A/CAMP/F2RL1/NOD2/LRRC15/NLRP6/PRF1/CSF1R/IFITM2/IFITM1/CCL5,24
GO:0007009,plasma membrane organization,29/1424,209/21338,0.13875598086124402,2.079196010967152,4.1925323731110025,1.4406796503554562e-4,0.0013163437663396306,9.234163470230388e-4,EHD2/PTPRC/GZMB/NDRG1/GSDMD/CAV1/FOLR1/FOLR3/CLU/CXCR4/AHNAK/COL5A1/CASP1/MYOF/IQGAP1/COL6A1/COLEC12/DMKN/CHMP4C/PACSIN3/PRF1/ANXA2/ANO9/TLCD2/PLSCR1/SERPINA5/S100A10/CR1/MAFB,29
GO:0055074,calcium ion homeostasis,43/1424,359/21338,0.11977715877437325,1.7948068918030733,4.06124209395361,1.4467922923719023e-4,0.0013197510581323265,9.258065653086482e-4,MCUB/HEXB/CYBA/PTPRC/ITPR3/CD40/CEMIP/JPH1/TGFB1/CAV1/CXCL12/CCL7/CCL8/FAM20A/TCIRG1/VDR/PTPN6/PLCH1/PTK2B/CCR2/EDN3/KL/NGF/PLCB2/PML/TRPM2/CCR5/ADORA1/CCR1/CXCL10/CXCL11/P2RY6/CCL19/XCR1/CCL13/LCK/CXCR3/ELANE/PLCG2/RYR3/TGM2/LYN/CCL5,43
GO:0098754,detoxification,26/1424,179/21338,0.1452513966480447,2.1765268972443668,4.226912214034833,1.4792082916508412e-4,0.0013446467629821346,9.432709248603324e-4,MGST1/SLC11A1/CP/PTGS2/MGST2/PTGS1/AQP9/SOD3/SLC67A1/PRDX6/MTARC2/MT2A/ALOX5AP/SLC39A8/FBLN5/SLC47A1/PTGES/CYGB/S100A9/GPX8/ALDH1A1/MT1E/SLC47A2/MB/MT1A/HP,26
GO:0006690,icosanoid metabolic process,22/1424,140/21338,0.15714285714285714,2.354715088282504,4.300381289511156,1.4813699212914974e-4,0.0013446467629821346,9.432709248603324e-4,ALOX5/CD74/TBXAS1/TNFRSF1A/PTGS2/MGST2/PTGS1/PYCARD/IL1B/PLA2G5/ALOX5AP/CASP1/CYP1B1/PTGES/NCF1/CAMP/FABP5/DPEP2/CYP2S1/CYP4F11/ALOX15B/CYP4F3,22
GO:0060571,morphogenesis of an epithelial fold,8/1424,25/21338,0.32,4.795056179775281,5.077013790270115,1.495456110454955e-4,0.0013485896553076689,9.460368674059292e-4,FGF10/TP63/WNT2/BMP5/RDH10/EGFR/SHH/SOSTDC1,8
GO:0031579,membrane raft organization,10/1424,39/21338,0.2564102564102564,3.842192451743013,4.750601486669525,1.8078993200024187e-4,0.0015990956125963884,0.0011217670238454556,PTPRC/CAV1/CD2/DOCK2/IQGAP1/COL6A1/COLEC12/MYADM/ANXA2/S100A10,10
GO:0034109,homotypic cell-cell adhesion,20/1424,123/21338,0.16260162601626016,2.4365122864711792,4.272507211070682,1.818166494190357e-4,0.0016056121018073377,0.001126338346942402,CD99/PLAUR/PTPRU/MYL9/MYL12A/COMP/HSPB1/PTPN6/XG/IL6/EMILIN1/FERMT3/F11R/CSRP1/PDPN/PRKCD/C1QTNF1/CLIC1/LYN/CCL5,20
GO:0046456,icosanoid biosynthetic process,14/1424,70/21338,0.2,2.9969101123595507,4.474933978724618,1.8400503617979996e-4,0.001619770882873692,0.0011362707447133494,ALOX5/CD74/TBXAS1/PTGS2/MGST2/PTGS1/PYCARD/IL1B/PLA2G5/ALOX5AP/CASP1/PTGES/CAMP/FABP5,14
GO:0097722,sperm motility,29/1424,213/21338,0.13615023474178403,2.040150076488896,4.079715421149043,2.0080256260894146e-4,0.0017592465018444758,0.0012341130180329681,SLC22A16/CLXN/DNAH5/ZMYND12/APOB/PLTP/TEKT3/FHAD1/ROPN1L/TTC12/SPEF2/CFAP107/DRC1/RIBC1/DRC7/PIERCE1/CFAP221/SPMIP6/ARMC3/TEKT1/CATSPER1/CFAP276/HOATZ/EFHC2/CFAP144/CFAP77/CFAP95/CFAP45/CFAP90,29
GO:0035988,chondrocyte proliferation,8/1424,26/21338,0.3076923076923077,4.610630942091617,4.9260644737946,2.0343903704975915e-4,0.001776722315685357,0.0012463723173063448,LTF/FOSL2/COMP/ERRFI1/CCN2/HMGA2/MMP14/DDR2,8
GO:0060263,regulation of respiratory burst,7/1424,20/21338,0.35,5.244592696629213,5.0783217498653,2.0790920283178237e-4,0.001807210763076262,0.0012677599908275255,RAC2/LBP/JCHAIN/NCF1/SLAMF8/S100A9/CLEC7A,7
GO:0072089,stem cell proliferation,21/1424,134/21338,0.15671641791044777,2.3483250880429316,4.186783834959422,2.1560286494796973e-4,0.0018653016612764195,0.0013085108086480402,SNAI2/FGF10/TP63/FBLN1/PTPRC/TGFB1/NR2E1/RUNX2/YAP1/SFRP2/HMGA2/VEGFC/GJA1/CD109/RUNX1/TGFBR2/SHH/LTBP3/SFN/HOXB4/ANG,21
GO:0034103,regulation of tissue remodeling,17/1424,97/21338,0.17525773195876287,2.62615834588208,4.2924341552230585,2.1637032274404667e-4,0.0018690210250137073,0.00131111994568607,IL20RA/CST3/TGFB1/THBS4/TNFAIP3/SPP1/TMBIM1/GPNMB/IL6/TNFRSF11A/IL18/ADAM8/RUNX1/DDR2/IL15/LTBP3/CSF1R,17
GO:0010595,positive regulation of endothelial cell migration,22/1424,144/21338,0.1527777777777778,2.2893063358302124,4.151196769948689,2.244041241221587e-4,0.0019234142960749114,0.0013492768747120185,PTGS2/NRP1/HMOX1/CD40/SRPX2/TGFB1/HSPB1/GATA3/FGF1/NRP2/PTK2B/RRAS/STAT5A/RHOJ/ANXA1/THBS1/EGF/LCN2/VEGFC/ANGPT1/ZC3H12A/FOXC2,22
GO:0003206,cardiac chamber morphogenesis,21/1424,135/21338,0.15555555555555556,2.3309300873907617,4.148259270257673,2.3955511079436185e-4,0.002034381362681567,0.001427120372669027,NRP1/FOXF1/PPP1R13L/TGFB1/WNT2/ENG/GATA3/BMP5/EVA1A/FHL2/NRP2/FGFRL1/GATA6/CCN1/SFRP2/ADAMTS1/FZD1/TGFBR2/FOXC2/NPY2R/GJA5,21
GO:0032309,icosanoid secretion,11/1424,48/21338,0.22916666666666666,3.433959503745318,4.514280676913492,2.558655358750116e-4,0.002146556775969605,0.001505811526919925,NOS2/PTGS2/IL1B/PLA2G5/ANXA1/TNFRSF11A/PTGES/PLA2R1/BDKRB2/PLA2G2C/PLA2G2A,11
GO:0032370,positive regulation of lipid transport,16/1424,90/21338,0.17777777777777778,2.663920099875156,4.229968329167272,2.7726328442825567e-4,0.002294778484124442,0.0016097891897415837,PLTP/LIPG/RETN/CAV1/SPP1/LRAT/IL1B/CYP19A1/ABCA8/TNFRSF11A/PTGES/PLA2R1/C1QTNF1/ABCA13/ANXA2/CES1,16
GO:0030212,hyaluronan metabolic process,9/1424,34/21338,0.2647058823529412,3.9664986781229343,4.629088276294527,2.921707218093713e-4,0.002407365009908466,0.0016887687397816105,CD44/HEXB/CEMIP/TGFB1/HAS1/TNFAIP6/IL1B/LYVE1/EGF,9
GO:0071692,protein localization to extracellular region,49/1424,440/21338,0.11136363636363636,1.668734039836568,3.790267205584438,3.0336626091777454e-4,0.002492194342287415,0.0017482765934508638,NOS2/ALOX5/LTBP1/CBLN4/RAB27A/PCSK5/GZMB/GSDMD/KCNN4/TGFB1/CD33/COMP/TCIRG1/ADTRP/IL1A/STEAP3/LTBP2/TGFB3/IL1B/FOXA2/NR1D1/RHBDF2/RSAD2/IL6/IL1RN/TLR2/CASP1/MTTP/RCN3/VEGFC/ADAM8/RAB11FIP1/NLRP3/CAMP/F2RL2/F2RL1/FBN1/ADAM9/SAA1/NLRP6/CAVIN1/PRF1/HCAR2/FAM3B/HLA-DRB1/CASP4/ANG/GJA5/CCL5,49
GO:0032941,secretion by tissue,11/1424,49/21338,0.22448979591836735,3.363878697546434,4.429839770362627,3.102560850758673e-4,0.002533758028119583,0.0017774335567923467,CYBA/FGF10/FOSL2/OPRK1/KCNN4/VAMP8/ANO1/ADORA1/SCNN1B/NLRP6/P2RY2,11
GO:0007173,epidermal growth factor receptor signaling pathway,20/1424,128/21338,0.15625,2.341336025280899,4.070189797629094,3.139900814881225e-4,0.002560475819145411,0.001796176111450542,PLAUR/MVP/GPRC5A/TGFB1/AREG/HBEGF/EFEMP1/ERRFI1/PTK2B/PLAU/EREG/RHBDF2/SPRY2/EGF/IQGAP1/ERBB2/GRB7/EGFR/SHC1/DBX2,20
GO:0071379,cellular response to prostaglandin stimulus,8/1424,28/21338,0.2857142857142857,4.281300160513643,4.645962204535232,3.5905823033162903e-4,0.0029026887017655186,0.002036238759258722,TNC/TNFSF4/PTGFR/PTGER2/IGFBP7/PTGER4/P2RY6/CCL19,8
GO:0006809,nitric oxide biosynthetic process,16/1424,92/21338,0.17391304347826086,2.606008793356131,4.128056813907994,3.5910091398038297e-4,0.0029026887017655186,0.002036238759258722,NOS2/PTGS2/ACP5/CAV1/MTARC2/CLU/IL1B/TICAM1/ASS1/IL10/CYP1B1/ITGB2/PTX3/ZC3H12A/CLEC7A/TLR5,16
GO:0098868,bone growth,9/1424,35/21338,0.2571428571428571,3.853170144462279,4.517349903082646,3.7022212660483417e-4,0.0029795347601903584,0.0020901463390022,FOSL2/COMP/MMP13/FBLN5/ECM1/DDR2/TGFBR2/BNC2/OSTN,9
GO:0050691,regulation of defense response to virus by host,12/1424,58/21338,0.20689655172413793,3.1002518403719486,4.28293990523009,3.761878622181019e-4,0.0030231526750386507,0.002120744345863259,PYCARD/LILRB1/TNFAIP3/TRIM6/IL1B/APOBEC3F/TRIM22/PML/ZC3H12A/IL15/STING1/APOBEC3G,12
GO:0044406,adhesion of symbiont to host,6/1424,16/21338,0.375,5.619206460674158,4.942604015258199,3.909252888347212e-4,0.0031099904084451887,0.0021816610946765297,LTF/ICAM1/CD209/LRRC15/GAS6/DPP4,6
GO:1905330,regulation of morphogenesis of an epithelium,15/1424,84/21338,0.17857142857142858,2.6758126003210276,4.115164290325688,4.047893514733166e-4,0.0032110582222174126,0.0022525602577839515,SNAI2/FGF10/TGFB1/WNT2/GATA3/FGF1/LIF/EGF/LCN2/ADAMTS12/GJA1/SHH/CXCL10/TACSTD2/HOXB7,15
GO:0035592,establishment of protein localization to extracellular region,48/1424,434/21338,0.11059907834101383,1.6572774814891524,3.6993152409466146,4.064416271229107e-4,0.0032150451701320293,0.002255357105365282,NOS2/ALOX5/LTBP1/CBLN4/RAB27A/PCSK5/GZMB/GSDMD/KCNN4/TGFB1/CD33/COMP/TCIRG1/ADTRP/IL1A/STEAP3/LTBP2/TGFB3/IL1B/FOXA2/NR1D1/RHBDF2/RSAD2/IL6/IL1RN/TLR2/CASP1/MTTP/RCN3/VEGFC/ADAM8/RAB11FIP1/NLRP3/CAMP/F2RL2/F2RL1/ADAM9/SAA1/NLRP6/CAVIN1/PRF1/HCAR2/FAM3B/HLA-DRB1/CASP4/ANG/GJA5/CCL5,48
GO:0001796,regulation of type IIa hypersensitivity,5/1424,11/21338,0.45454545454545453,6.8111593462717055,5.155094895668742,4.3212861873990403e-4,0.0033558150939170385,0.0023541073346870097,FCGR2B/C3/FCGR1A/FCER1G/HLA-E,5
GO:0034368,protein-lipid complex remodeling,11/1424,51/21338,0.21568627450980393,3.231961885877947,4.267338106613831,4.485151805952045e-4,0.0034733266502876186,0.002436541798154295,APOB/PCSK5/PLTP/LIPG/PLA2G5/MTTP/FURIN/AGTR1/LIPC/ANGPTL4/PLA2G2A,11
GO:0034369,plasma lipoprotein particle remodeling,11/1424,51/21338,0.21568627450980393,3.231961885877947,4.267338106613831,4.485151805952045e-4,0.0034733266502876186,0.002436541798154295,APOB/PCSK5/PLTP/LIPG/PLA2G5/MTTP/FURIN/AGTR1/LIPC/ANGPTL4/PLA2G2A,11
GO:2001057,reactive nitrogen species metabolic process,17/1424,103/21338,0.1650485436893204,2.473178248063707,4.007653811161674,4.506649633270211e-4,0.0034804116032094525,0.0024415118990604606,NOS2/PTGS2/ACP5/CAV1/MTARC2/CLU/IL1B/TICAM1/ASS1/IL10/CYP1B1/ITGB2/CYGB/PTX3/ZC3H12A/CLEC7A/TLR5,17
GO:0032970,regulation of actin filament-based process,48/1424,436/21338,0.11009174311926606,1.6496752912070922,3.665119122952811,4.50687216814372e-4,0.0034804116032094525,0.0024415118990604606,CCL26/SCIN/WAS/CAPG/ARHGEF5/CNN2/CELSR1/CARMIL1/NRP1/HCK/PYCARD/TGFB1/CAV1/CXCL12/CSF3/RGS4/CCN2/TGFB3/PTK2B/NCKAP1L/ARHGAP40/SDC4/RAC2/CGNL1/BST2/GMFG/SWAP70/GPR65/TRPM2/ARHGAP18/F11R/PDPN/DNAI3/ADORA1/PRKCD/F2RL1/DLC1/CDC42EP5/PTGER4/SYNPO/RHOD/MYADM/HCLS1/CSF1R/TACSTD2/KANK2/S100A10/GJA5,48
GO:0001778,plasma membrane repair,9/1424,36/21338,0.25,3.7461376404494384,4.409666882513235,4.6467938762358364e-4,0.003583467645225324,0.0025138058060856527,GZMB/GSDMD/AHNAK/CASP1/MYOF/CHMP4C/PRF1/ANXA2/S100A10,9
GO:0006949,syncytium formation,14/1424,77/21338,0.18181818181818182,2.7244637385086827,4.053685087565981,5.166058415671221e-4,0.003945443510009869,0.002767732203822404,TYROBP/EHD2/IL4R/NFATC2/CCL8/TNFSF14/GDF15/DOCK2/CYP19A1/CD53/ADAM12/CD109/ADAM9/CXCL10,14
GO:0090594,inflammatory response to wounding,10/1424,44/21338,0.22727272727272727,3.4055796731358527,4.271298081240067,5.20052217153124e-4,0.003960837862966777,0.0027785313563961885,ALOX5/HMOX1/TIMP1/TGFB1/PTPN6/IL1A/CCR2/IL6/SIGLEC10/NFKBIZ,10
GO:0009595,detection of biotic stimulus,12/1424,60/21338,0.2,2.9969101123595507,4.142010171303592,5.21694371947186e-4,0.0039624440843231395,0.0027796581221357537,FAP/SRPX/CRTAM/LBP/TLR2/LY96/CD1D/NLRP3/NOD2/CLEC7A/SSC5D/HLA-DRB1,12
GO:0110053,regulation of actin filament organization,36/1424,302/21338,0.11920529801324503,1.7862378153136393,3.679749375924459,5.290663356236194e-4,0.004007442271337867,0.0028112243911745352,CCL26/SCIN/WAS/CAPG/ARHGEF5/CARMIL1/NRP1/HCK/PYCARD/CXCL12/CSF3/RGS4/CCN2/TGFB3/PTK2B/NCKAP1L/ARHGAP40/SDC4/CGNL1/GMFG/SWAP70/GPR65/ARHGAP18/F11R/DNAI3/PRKCD/F2RL1/DLC1/CDC42EP5/PTGER4/SYNPO/MYADM/HCLS1/TACSTD2/KANK2/S100A10,36
GO:0098760,response to interleukin-7,7/1424,23/21338,0.30434782608695654,4.560515388373229,4.56853060344788,5.508322950888384e-4,0.004149603289669249,0.0029109504745833356,FOSL2/JAK3/STAT5A/LSP1/TSLP/IL2RG/IL7R,7
GO:0001771,immunological synapse formation,6/1424,17/21338,0.35294117647058826,5.288664904163913,4.730262165595874,5.701762271168554e-4,0.004249079097639338,0.002980732844175387,CD6/LGALS3/DOCK2/HAVCR2/CCL19/PRF1,6
GO:0141201,pyroptotic cell death,6/1424,17/21338,0.35294117647058826,5.288664904163913,4.730262165595874,5.701762271168554e-4,0.004249079097639338,0.002980732844175387,GZMB/GSDMD/CASP1/GZMA/PRF1/CASP4,6
GO:0051145,smooth muscle cell differentiation,15/1424,87/21338,0.1724137931034483,2.5835432003099577,3.957694599583478,5.962418044013754e-4,0.0044254569315957315,0.0031044620548060895,FGF10/NFATC4/NFATC2/FOXF1/TGFB1/COMP/ENG/EREG/GATA6/ADM/RCAN1/SHH/RBPMS2/NPNT/EFEMP2,15
GO:0009306,protein secretion,47/1424,431/21338,0.10904872389791183,1.6340461169477827,3.5559532648170173,6.324807220171157e-4,0.004638471202395722,0.0032538917591399892,NOS2/ALOX5/CBLN4/RAB27A/PCSK5/GZMB/GSDMD/KCNN4/TGFB1/CD33/COMP/TCIRG1/ADTRP/IL1A/STEAP3/LTBP2/TGFB3/IL1B/FOXA2/NR1D1/RHBDF2/RSAD2/IL6/IL1RN/TLR2/CASP1/MTTP/RCN3/VEGFC/ADAM8/RAB11FIP1/NLRP3/CAMP/F2RL2/F2RL1/ADAM9/SAA1/NLRP6/CAVIN1/PRF1/HCAR2/FAM3B/HLA-DRB1/CASP4/ANG/GJA5/CCL5,47
GO:0007589,body fluid secretion,17/1424,106/21338,0.16037735849056603,2.4031826372694507,3.8727022149034656,6.337553710982209e-4,0.004641671282765674,0.003256136618424444,CYBA/FGF10/FOSL2/OPRK1/KCNN4/CAV1/OAS2/VDR/PRLR/VAMP8/STAT5A/ANO1/ADORA1/SCNN1B/NLRP6/P2RY2/OXTR,17
GO:0009410,response to xenobiotic stimulus,51/1424,479/21338,0.10647181628392484,1.595432314512913,3.5244863824175505,6.607951603910242e-4,0.004826943011985621,0.00338610490465613,ITGA3/NOS2/FMO1/CYBA/ABCB11/FOSL2/CYP26A1/NFATC2/TGFB1/GATA3/ALDH3A1/COL1A1/ABCC3/CD69/LOX/ERRFI1/NCKAP1L/IL1B/FOSB/ASS1/IL10/SLCO2B1/MMP7/THBS1/CYP1B1/GATA6/VAV1/COL6A1/NFKBIZ/SFRP2/LCN2/VEGFC/FZD1/RNF149/S100A12/TGFBR2/ITGA2/FBP1/CYBB/CYP2S1/SCNN1B/AGPAT2/EMX2/NPAS2/CES3/SULT1B1/LCK/GAS6/SULT1A1/NTRK1/LYN,51
GO:0043312,neutrophil degranulation,5/1424,12/21338,0.4166666666666667,6.243562734082397,4.858529127545553,7.001450102829891e-4,0.005054371475797798,0.0035456461784728333,SPI1/PRAM1/ITGB2/ITGAM/CD177,5
GO:0097278,complement-dependent cytotoxicity,5/1424,12/21338,0.4166666666666667,6.243562734082397,4.858529127545553,7.001450102829891e-4,0.005054371475797798,0.0035456461784728333,CFH/RAB27A/CLU/C3/CR1,5
GO:0071295,cellular response to vitamin,9/1424,38/21338,0.23684210526315788,3.548972501478415,4.2054218685485,7.131027927546099e-4,0.005127857355171785,0.0035971965895618737,SNAI2/TNC/COL1A1/FOLR1/VDR/POSTN/FES/GAS6/KANK2,9
GO:0050918,positive chemotaxis,16/1424,98/21338,0.16326530612244897,2.4464572345792246,3.8378129280670676,7.405812699905302e-4,0.005311656077639334,0.0037261315602196026,FGF10/NRP1/CXCL12/CCL2/F3/LGALS3/GPNMB/VEGFC/ANGPT1/ITGA2/F2RL1/CXCL10/CXCL8/FPR2/S100A4/CCL5,16
GO:0043304,regulation of mast cell degranulation,8/1424,31/21338,0.25806451612903225,3.8669807901413553,4.271563814718179,7.618169298572528e-4,0.0054218256306164635,0.003803415601641542,IL4R/FOXF1/VAMP8/ADGRE2/RAC2/FCER1G/FES/LYN,8
GO:0034446,substrate adhesion-dependent cell spreading,17/1424,108/21338,0.1574074074074074,2.358679255097795,3.785264632684038,7.884626091524393e-4,0.005582758909049945,0.003916310442552835,FBLN1/CARMIL1/CASS4/LAMB1/NRP1/FN1/GBP1/RREB1/POSTN/PARVG/FERMT3/FZD7/PDPN/MICALL2/MYADM/TACSTD2/S100A10,17
GO:0043269,regulation of monoatomic ion transport,51/1424,483/21338,0.10559006211180125,1.582219624537651,3.460969164831147,7.969188052490511e-4,0.005635427106850569,0.00395325723112052,MCUB/CD4/HFE/KCNG1/CYBA/OPRK1/FXYD5/HEPH/GABRE/CEMIP/JPH1/KCNN4/LILRB1/TGFB1/HAMP/CAV1/CXCL12/CCL2/TCIRG1/PTPN6/RGS4/PTK2B/EDN3/AHNAK/ATP1B2/LILRB2/LGALS3/NGF/CD63/EGF/PML/STAC/STOM/LCN2/KCNJ15/KCNF1/CTSS/ADORA1/CCR1/SPINK1/TMC1/PACSIN3/CXCL10/CXCL11/SLN/P2RY6/KCNE1/CXCR3/LILRA5/LYN/CCL5,51
GO:0098883,synapse pruning,6/1424,18/21338,0.3333333333333333,4.994850187265917,4.53404234160843,8.072262959797072e-4,0.005672096447766038,0.003978980807060005,DKK1/C3/C1QC/ITGAM/C1QB/C1QA,6
GO:1904044,response to aldosterone,6/1424,18/21338,0.3333333333333333,4.994850187265917,4.53404234160843,8.072262959797072e-4,0.005672096447766038,0.003978980807060005,CYBA/PTPRC/SCNN1A/CYBB/SCNN1G/SCNN1B,6
GO:0042310,vasoconstriction,15/1424,90/21338,0.16666666666666666,2.4974250936329585,3.806709662226568,8.59942926823601e-4,0.006027220235218074,0.0042281004663278984,TBXAS1/COMP/CAV1/HRH2/EDN3/AGTR1/HTR7/ADM/BDKRB2/SCNN1B/ADRA1D/HTR1D/OXTR/HRH1/GJA5,15
GO:0006518,peptide metabolic process,13/1424,72/21338,0.18055555555555555,2.705543851435705,3.8764006291850532,8.655253316760201e-4,0.006051027476628943,0.004244801267789094,MGST2/PCSK5/CPQ/CPD/CPA4/MMP7/FURIN/LANCL3/ERAP2/TPP1/ANPEP/MME/ELANE,13
GO:0010718,positive regulation of epithelial to mesenchymal transition,13/1424,72/21338,0.18055555555555555,2.705543851435705,3.8764006291850532,8.655253316760201e-4,0.006051027476628943,0.004244801267789094,WWTR1/TGFB1/ENG/COL1A1/TGFB3/IL1B/LOXL2/IL6/CRB2/ADAM8/PDPN/TGFBR2/LRG1,13
GO:0001910,regulation of leukocyte mediated cytotoxicity,30/1424,244/21338,0.12295081967213115,1.8423627739915271,3.538808243673938,9.00415882811959e-4,0.006271198419031216,0.004399251383748598,NOS2/TYROBP/SPI1/FCGR2B/PTPRC/ICAM1/LILRB1/TGFB1/CRTAM/IL18RAP/NCKAP1L/CXCL6/STAT5A/RIPK3/HAVCR2/VAV1/NECTIN4/MR1/CD1D/CD1C/SLAMF6/F2RL1/IL7R/ITGAM/SH2D1A/HLA-DRB1/HLA-DRA/MICA/HLA-C/HLA-E,30
GO:0043434,response to peptide hormone,51/1424,486/21338,0.10493827160493827,1.5724528367318629,3.4137083165345095,9.14809192401933e-4,0.006347491852543237,0.004452771296614079,INSRR/CYBA/OPRK1/BLVRB/TIMP1/KLF5/RETN/TGFB1/JAK3/CAV1/RARRES2/CXCL12/COL1A1/AREG/SCNN1A/REG1A/ERRFI1/EGR1/PCK1/EREG/IL1B/STAT5A/GDF15/ASS1/KL/IL10/STAT4/CYP11A1/TNFRSF11A/COL6A1/RAB13/AGTR1/SHC1/DDR2/PRKCD/CA3/FBP1/CYBB/FBN1/SCNN1G/STAT6/SCNN1B/COL3A1/MZB1/FOXC2/AGTRAP/SOCS3/SOCS1/GCNT1/PLA2G2A/LYN,51
GO:0003002,regionalization,50/1424,475/21338,0.10526315789473684,1.5773211117681845,3.4026578937110017,9.547872336049351e-4,0.006558623955915226,0.004600880658788662,DNAH5/FGF10/TP63/GLI2/PCSK5/NRP1/FOXF1/WNT2/MEOX2/ENG/DKK1/HOXB6/FOLR1/FGF1/OTX1/NRP2/HOXB8/HOXB5/HOXB3/BICC1/EGR2/BHLHE41/C3/FOXA2/FEZF1/FOXJ1/BHLHE40/DMRTA2/SFRP2/CRB2/DRC1/PIERCE1/TGFBR2/SP8/SHH/DNAAF3/ODAD2/ITGAM/EMX2/HOXB9/SOSTDC1/C1QA/CIMAP3/FOXC2/IRX3/GSX2/HOXB4/MAFB/CFAP45/HOXB7,50
GO:0072538,T-helper 17 type immune response,12/1424,64/21338,0.1875,2.809603230337079,3.8769588750913133,9.567412852200491e-4,0.006558623955915226,0.004600880658788662,LGALS1/JAK3/CD69/STAT5A/IL6/NFKBIZ/BATF/SLAMF6/ZC3H12A/JUNB/CLEC7A/SOCS3,12
GO:0006024,glycosaminoglycan biosynthetic process,8/1424,32/21338,0.25,3.7461376404494384,4.15708352568555,9.569697640324284e-4,0.006558623955915226,0.004600880658788662,CEMIP/TGFB1/HAS1/HS3ST3B1/IL1B/GALNT5/EGF/HS3ST3A1,8
GO:0006026,aminoglycan catabolic process,8/1424,32/21338,0.25,3.7461376404494384,4.15708352568555,9.569697640324284e-4,0.006558623955915226,0.004600880658788662,CD44/HEXB/CHI3L2/CEMIP/TGFB1/CHI3L1/CHIT1/LYVE1,8
GO:0090382,phagosome maturation,8/1424,32/21338,0.25,3.7461376404494384,4.15708352568555,9.569697640324284e-4,0.006558623955915226,0.004600880658788662,SRPX/RAB34/TCIRG1/MREG/RAB32/PLA2G5/RAB20/SLAMF8,8
GO:0045444,fat cell differentiation,34/1424,290/21338,0.11724137931034483,1.756809376210771,3.4699443298466472,9.96157862124765e-4,0.006801141902077464,0.004771007218171696,ALOX5/WWTR1/SNAI2/FGF10/PTGS2/FOSL2/IL11/KLF5/MEDAG/CCN4/RETN/TGFB1/RARRES2/RGS2/EGR2/RREB1/NR1D1/ZFP36/SLC7A10/IL6/YAP1/SFRP2/HMGA2/ZNF385A/ZC3H12A/LRG1/CEBPB/CMKLR1/METRNL/SOCS1/LAMB3/MB/MAFB/CEBPD,34
GO:1900015,regulation of cytokine production involved in inflammatory response,19/1424,130/21338,0.14615384615384616,2.190049697493518,3.6393962137949147,0.0010146727805857444,0.006902018656146519,0.004841772352723907,NOS2/ALOX5/CD6/HMOX1/PYCARD/CCL7/PTPN6/IL1R2/TICAM1/ZFP36/IL6/GBP5/IL17RC/CCR1/ZC3H12A/NOD2/CLEC7A/STING1/GPSM3,19
GO:0033280,response to vitamin D,10/1424,48/21338,0.20833333333333334,3.1217813670411987,3.9352818365015083,0.0010748010326828037,0.007165580856225757,0.005026661475333032,CD4/SNAI2/TNC/TGFB1/VDR/SPP1/KL/CXCL10/FES/KANK2,10
GO:0016554,cytidine to uridine editing,5/1424,13/21338,0.38461538461538464,5.763288677614521,4.593846512841466,0.0010754194855560058,0.007165580856225757,0.005026661475333032,APOBEC3A/APOBEC3F/RBM47/APOBEC3G/APOBEC3C,5
GO:0097084,vascular associated smooth muscle cell development,5/1424,13/21338,0.38461538461538464,5.763288677614521,4.593846512841466,0.0010754194855560058,0.007165580856225757,0.005026661475333032,NFATC4/COMP/ENG/ADM/EFEMP2,5
GO:1905155,positive regulation of membrane invagination,5/1424,13/21338,0.38461538461538464,5.763288677614521,4.593846512841466,0.0010754194855560058,0.007165580856225757,0.005026661475333032,NCKAP1L/C3/ITGA2/F2RL1/PLCG2,5
GO:0097306,cellular response to alcohol,18/1424,121/21338,0.1487603305785124,2.2291066951434675,3.6256235003830435,0.0011056874866477897,0.0073407573304182395,0.005149547930998794,TNC/CYBA/SPI1/MLC1/CCL7/SCNN1A/TNFSF4/PTGFR/PTGER2/IGFBP7/FBP1/CYBB/SCNN1G/SCNN1B/PTGER4/P2RY6/CCL19/CES1,18
GO:1990748,cellular detoxification,19/1424,131/21338,0.1450381679389313,2.1733317608714295,3.602129136414704,0.0011141367803685497,0.007379157120694569,0.00517648541873577,MGST1/SLC11A1/CP/PTGS2/MGST2/PTGS1/SOD3/PRDX6/MTARC2/ALOX5AP/SLC39A8/FBLN5/PTGES/CYGB/S100A9/GPX8/ALDH1A1/MB/HP,19
GO:0140253,cell-cell fusion,13/1424,74/21338,0.17567567567567569,2.632421044640146,3.761559924477024,0.0011286970798683861,0.007448862611717824,0.005225383883965052,TYROBP/EHD2/IL4R/NFATC2/CCL8/TNFSF14/GDF15/DOCK2/CD53/ADAM12/CD109/ADAM9/CXCL10,13
GO:0031099,regeneration,26/1424,204/21338,0.12745098039215685,1.9097956598369685,3.4914876864301805,0.0011381040111213038,0.007502002273307927,0.005262661404809037,MCUB/TNC/PTPRU/FGF10/KLF5/CPQ/TGFB1/CXCL12/FOLR1/SPP1/CDKN1A/LGR6/POSTN/ANXA1/TEC/IL6/IL10/YAP1/COL6A1/FZD7/RUNX1/CA3/HOPX/LAMB2/CEBPB/GAS6,26
GO:0036293,response to decreased oxygen levels,40/1424,361/21338,0.11080332409972299,1.6603380123875624,3.3836904986519474,0.0011430230300516252,0.007525467916047383,0.005279122574492142,NOS2/CYBA/PTGS2/FOSL2/NDRG1/TGFB1/CAV1/ENG/CXCL12/SOD3/TGFB3/EGR1/CXCR4/PLAU/LIF/POSTN/LOXL2/DRAM1/THBS1/PML/GATA6/PMAIP1/COL6A1/LCN2/VEGFC/ADAM8/MMP14/CYGB/VCAM1/DDR2/ADORA1/ITGA2/CA3/CYBB/ANGPTL4/VASN/AGTRAP/DPP4/MB/ANG,40
GO:0045190,isotype switching,11/1424,57/21338,0.19298245614035087,2.8917553715750053,3.8242723161187495,0.0012030396185295567,0.007873794760990727,0.005523474172420138,PTPRC/CD40/TGFB1/TNFSF4/SWAP70/IL10/NFKBIZ/BATF/TNFSF13/STAT6/CLCF1,11
GO:0030278,regulation of ossification,20/1424,142/21338,0.14084507042253522,2.110500079126444,3.550407746511996,0.0012113357771035141,0.007910498065597238,0.005549221573919719,LTF/ALOX5/TGFB1/COMP/DKK1/MGP/VDR/PTK2B/SRGN/EGR2/RUNX2/KL/CCN1/ECM1/DDR2/CCR1/SGMS2/LTBP3/FAM20C/CSF1,20
GO:0001890,placenta development,23/1424,173/21338,0.1329479768786127,1.9921656816262905,3.503809921168943,0.0012129335123157044,0.007910498065597238,0.005549221573919719,PRDM1/CASP8/PTGS2/WNT2/VDR/BMP5/SPP1/LIF/ELF5/IL10/CCN1/EGFR/ADM/TCF23/CTSB/SPINT1/KRT8/JUNB/CEBPB/FOSL1/SOCS3/MME/ANG,23
GO:0043086,negative regulation of catalytic activity,23/1424,173/21338,0.1329479768786127,1.9921656816262905,3.503809921168943,0.0012129335123157044,0.007910498065597238,0.005549221573919719,MVP/GPRC5A/SERPINB1/PTPRC/GCKR/TIMP1/PYCARD/ERRFI1/GADD45A/DUSP1/CCR2/CDKN1A/ZFP36/PTPN22/TMBIM1/ECM1/GZMA/CRB2/LATS2/RGS14/SFN/CR1/LYN,23
GO:0010742,macrophage derived foam cell differentiation,10/1424,49/21338,0.20408163265306123,3.0580715432240315,3.8567660776706645,0.0012708381987358633,0.00823961487868908,0.005780097317065618,MSR1/APOB/TGFB1/IL1B/PLA2G5/AGTR1/IL18/ALOX15B/CSF1/PLA2G2A,10
GO:0042698,ovulation cycle,13/1424,75/21338,0.17333333333333334,2.597322097378277,3.705555170653991,0.0012834542009574298,0.008263355710117777,0.005796751531864035,CA12/AFP/OPRK1/RETN/TGFB3/EGR1/MMP19/TNFAIP6/EREG/STAT5A/SERPINF1/ADAMTS1/PTX3,13
GO:0045600,positive regulation of fat cell differentiation,13/1424,75/21338,0.17333333333333334,2.597322097378277,3.705555170653991,0.0012834542009574298,0.008263355710117777,0.005796751531864035,SNAI2/PTGS2/KLF5/MEDAG/RARRES2/RREB1/ZFP36/SFRP2/ZNF385A/ZC3H12A/CEBPB/CMKLR1/METRNL,13
GO:0051017,actin filament bundle assembly,24/1424,185/21338,0.12972972972972974,1.9439416945034924,3.4481604873339116,0.00135431204577994,0.008699333871790636,0.006102590608044914,WAS/ARHGEF5/ACTN1/CARMIL1/ITGB5/NRP1/MYL9/PLS3/CCN2/TGFB3/SDC4/CGNL1/SWAP70/GPR65/ESPNL/F11R/SHROOM1/DLC1/PTGER4/SYNPO/RHOD/TACSTD2/S100A10/AIF1,24
GO:0030856,regulation of epithelial cell differentiation,25/1424,196/21338,0.12755102040816327,1.9112947145150196,3.427332779865787,0.0013862029173378353,0.008883571242244901,0.006231833290663515,WWTR1/TNFRSF1A/FGF10/TP63/CAV1/SERPINE1/SFRP4/GATA3/VDR/PRLR/ERRFI1/IL1B/STAT5A/ZFP36/LIF/FOXJ1/PLAAT4/SPRY2/YAP1/DSPP/CD109/F11R/CEBPB/SFN/ALOX15B,25
GO:0006826,iron ion transport,11/1424,58/21338,0.1896551724137931,2.841897520340953,3.756090693302545,0.0013965581146875548,0.008908689263853676,0.006249453605623427,HFE/LTF/SLC11A1/CYBRD1/HEPH/HAMP/STEAP3/SLC39A8/LCN2/STEAP2/SCARA5,11
GO:0043303,mast cell degranulation,11/1424,58/21338,0.1896551724137931,2.841897520340953,3.756090693302545,0.0013965581146875548,0.008908689263853676,0.006249453605623427,IL4R/FOXF1/VAMP8/ADGRE2/RAC2/FCER1G/FCER1A/FES/S100A13/LYN/MILR1,11
GO:0042246,tissue regeneration,14/1424,85/21338,0.16470588235294117,2.4680436219431594,3.6264419018677034,0.0014204678072679126,0.009050782794985538,0.0063491323467005,MCUB/FGF10/KLF5/CPQ/CDKN1A/LGR6/POSTN/ANXA1/TEC/YAP1/COL6A1/FZD7/RUNX1/HOPX,14
GO:0048333,mesodermal cell differentiation,9/1424,42/21338,0.21428571428571427,3.210975120385233,3.8353226353574494,0.0015330894962278117,0.009646268796151583,0.00676686631708209,ITGA3/FOXF1/DKK1/ITGB4/SFRP2/HMGA2/GJA1/ITGA2/FOXC2,9
GO:0034755,iron ion transmembrane transport,7/1424,27/21338,0.25925925925925924,3.8848834789846025,4.01098156587757,0.0015772712889723013,0.00980546808425899,0.006878544762205578,SLC11A1/HEPH/HAMP/SLC39A8/LCN2/STEAP2/SCARA5,7
GO:0002467,germinal center formation,5/1424,14/21338,0.35714285714285715,5.351625200642055,4.355355263446758,0.0015814128588122229,0.00980546808425899,0.006878544762205578,BCL3/TNFSF13B/TNFAIP3/FOXJ1/CXCL13,5
GO:0070486,leukocyte aggregation,5/1424,14/21338,0.35714285714285715,5.351625200642055,4.355355263446758,0.0015814128588122229,0.00980546808425899,0.006878544762205578,CD44/IL1B/RAC2/S100A8/S100A9,5
GO:1904062,regulation of monoatomic cation transmembrane transport,34/1424,298/21338,0.11409395973154363,1.7096467083930322,3.2989055293561718,0.0015867822312157418,0.009827755273200853,0.00689417924547991,MCUB/CD4/KCNG1/CYBA/OPRK1/FXYD5/HEPH/CEMIP/JPH1/KCNN4/TGFB1/HAMP/CAV1/TCIRG1/PTPN6/RGS4/PTK2B/EDN3/AHNAK/ATP1B2/NGF/CD63/PML/STAC/LCN2/CTSS/TMC1/CXCL10/CXCL11/SLN/P2RY6/KCNE1/CXCR3/LYN,34
GO:0032355,response to estradiol,17/1424,115/21338,0.14782608695652175,2.2151074743527115,3.4938370609493066,0.0016085006260372389,0.009928949795282265,0.0069651672945812496,CD4/CASP8/FGF10/TGFB1/COL1A1/AREG/ERRFI1/DUSP1/PTGFR/ASS1/POSTN/IL10/CYP19A1/ESR2/EGFR/ITGA2/ITGAM,17
GO:0060840,artery development,18/1424,125/21338,0.144,2.157775280898876,3.471527862862357,0.0016140743189280325,0.009946067167508897,0.006977175146736848,PRDM1/APOB/NRP1/FOXF1/COMP/ENG/FOLR1/LOX/EGR2/LOXL1/STRA6/TGFBR2/SHH/COL3A1/EFEMP2/FOXC2/SLC2A10/GJA5,18
GO:0140894,endolysosomal toll-like receptor signaling pathway,11/1424,59/21338,0.1864406779661017,2.793729765758903,3.689349810945866,0.0016148662422955568,0.009946067167508897,0.006977175146736848,OAS1/TLR8/UNC93B1/TNFAIP3/TICAM1/PTPN22/RSAD2/HAVCR2/F2RL1/TREML4/TLR7,11
GO:0045428,regulation of nitric oxide biosynthetic process,13/1424,77/21338,0.16883116883116883,2.5298591857580623,3.5962294995813657,0.0016461685602916082,0.010116354404366965,0.007096631797974221,PTGS2/ACP5/CAV1/CLU/IL1B/TICAM1/ASS1/IL10/ITGB2/PTX3/ZC3H12A/CLEC7A/TLR5,13
GO:0051048,negative regulation of secretion,26/1424,210/21338,0.12380952380952381,1.8552300695559123,3.330472386674511,0.0017316659131340706,0.010606453717946182,0.007440436911346905,CD74/TNFRSF1B/SPI1/TNFRSF1A/FCGR2B/OPRK1/IL11/OSM/FOXF1/LILRB1/ADTRP/VAMP8/CCR2/NCKAP1L/IL1B/LIF/RHBDF2/RSAD2/ANXA1/EGF/GJA1/PLA2R1/RAB11FIP1/ADORA1/F2RL1/NPY2R,26
GO:0048566,embryonic digestive tract development,10/1424,51/21338,0.19607843137254902,2.9381471689799517,3.7055871440925414,0.001750281789290039,0.010685016832744152,0.007495549007694823,FGF10/GLI2/PCSK5/FOXF1/RARRES2/HLX/STRA6/SHH/RBPMS2/CXCL8,10
GO:0015908,fatty acid transport,18/1424,126/21338,0.14285714285714285,2.1406500802568216,3.433913258439885,0.0017682599140902652,0.010759181477272305,0.007547575573155673,CROT/NOS2/PTGS2/IL1B/PLA2G5/ANXA1/SLCO2B1/THBS1/TNFRSF11A/CRABP2/SLC27A3/PTGES/PLA2R1/FABP5/BDKRB2/PLA2G2C/PLA2G2A/LYN,18
GO:0045687,positive regulation of glial cell differentiation,9/1424,43/21338,0.20930232558139536,3.1363012803762738,3.74973285639206,0.001825848921910025,0.011060968797172657,0.007759279652018879,TNFRSF1B/TGFB1/CXCR4/EGR2/LIF/SHH/SPINT1/CLCF1/GSX2,9
GO:0002347,response to tumor cell,12/1424,69/21338,0.17391304347826086,2.606008793356131,3.573068567561234,0.0018881502584037078,0.011413414826180492,0.00800652086130738,SPI1/GZMB/TGFB1/NKG7/CRTAM/CD274/HAVCR2/MR1/LAPTM5/PRF1/HLA-DRB1/MICA,12
GO:0015850,organic hydroxy compound transport,37/1424,336/21338,0.11011904761904762,1.6500844368646335,3.2118222514510295,0.0019103611913956551,0.01153508169766384,0.008091870282098339,MSR1/OSBPL3/ABCB11/OPRK1/APOB/PLTP/LIPG/AQP9/LILRB1/CAV1/CXCL12/ABCC3/SPP1/NPC2/CLU/SLCO2B1/STRA6/CYP19A1/EGF/MTTP/FURIN/ABCA8/SLC16A3/AGTR1/CHRNA6/FCER1G/SHH/LIPC/EMB/C1QTNF1/ABCA13/MAPK15/ANXA2/NPY2R/CES1/TGM2/ADORA3,37
GO:0008360,regulation of cell shape,21/1424,158/21338,0.13291139240506328,1.9916174797326127,3.3454316487514557,0.0019420123340477802,0.011700677142135539,0.00820803563671761,HEXB/HCK/CCL7/CCL2/FN1/PTK2B/RHOJ/RAC2/ANXA1/ITGA7/SHROOM3/PARVG/ARHGAP18/F11R/ITGB2/PDPN/CDC42EP5/CCL13/FES/CSF1R/FMNL1,21
GO:0002040,sprouting angiogenesis,26/1424,212/21338,0.12264150943396226,1.8377278990884036,3.2779678800231107,0.0019811357450697743,0.011792287482578427,0.008272300373699306,ALOX5/PTGS2/NRP1/HMOX1/SRPX2/TGFB1/MEOX2/ADTRP/NR2E1/FGF1/PTK2B/RHOJ/LOXL2/ANXA1/IL10/THBS1/EPHA2/AGTR1/VEGFC/ANGPT1/CREB3L1/ITGA5/FOXC2/EGR3/EPHB4/TGM2,26
GO:0033622,integrin activation,7/1424,28/21338,0.25,3.7461376404494384,3.888230598197541,0.001983342308519191,0.011792287482578427,0.008272300373699306,CXCL12/FN1/SKAP1/FERMT3/CXCL13/MZB1/PTGER4,7
GO:0052547,regulation of peptidase activity,7/1424,28/21338,0.25,3.7461376404494384,3.888230598197541,0.001983342308519191,0.011792287482578427,0.008272300373699306,SERPINB1/TIMP1/RCN3/ECM1/CRB2/A2ML1/CR1,7
GO:0071380,cellular response to prostaglandin E stimulus,6/1424,21/21338,0.2857142857142857,4.281300160513643,4.022860625162897,0.001984903726523947,0.011792287482578427,0.008272300373699306,TNFSF4/PTGER2/IGFBP7/PTGER4/P2RY6/CCL19,6
GO:0072577,endothelial cell apoptotic process,14/1424,88/21338,0.1590909090909091,2.383905771195097,3.478650610576328,0.001996131083609284,0.01184627846725038,0.008310175098458012,ICAM1/CD40/TGFB1/SERPINE1/GATA3/CCL2/F3/TNFAIP3/IL10/THBS1/ANGPT1/ANGPTL4/CD248/GAS6,14
GO:0042542,response to hydrogen peroxide,16/1424,108/21338,0.14814814814814814,2.21993341656263,3.398720337134721,0.002126571630097762,0.012499816471179733,0.008768632601475854,HMOX1/COL1A1/AREG/IL18RAP/TNFAIP3/DUSP1/RIPK3/IL6/CYP1B1/TRPM2/LCN2/MAPK13/PRKCD/ADAM9/PDGFD/HP,16
GO:0006925,inflammatory cell apoptotic process,8/1424,36/21338,0.2222222222222222,3.329900124843945,3.7412849482687687,0.002170313361485454,0.012662829380974667,0.008882986305675033,ANXA1/CTSL/IL6/CCR5/NOD2/HCAR2/FCAR/CCL5,8
GO:0010466,negative regulation of peptidase activity,5/1424,15/21338,0.3333333333333333,4.994850187265917,4.138704270912332,0.0022426639061078136,0.012989152769998917,0.009111902459301732,SERPINB1/TIMP1/ECM1/CRB2/CR1,5
GO:1902337,regulation of apoptotic process involved in morphogenesis,5/1424,15/21338,0.3333333333333333,4.994850187265917,4.138704270912332,0.0022426639061078136,0.012989152769998917,0.009111902459301732,TNFRSF1B/TNFRSF1A/VDR/PML/FOXC2,5
GO:0070588,calcium ion transmembrane transport,39/1424,363/21338,0.10743801652892562,1.6099103909369488,3.1340850807499905,0.002287360528630305,0.013234185211103446,0.009283792939169363,MCUB/CD4/CYBA/MCOLN3/PTPRC/ITPR3/CEMIP/JPH1/KCNN4/TGFB1/CAV1/PTPN6/PLCH1/PTK2B/NGF/TMBIM1/PLCB2/PML/TRPM2/CNGA3/CACNA2D4/CCR5/TMC1/CXCL10/CXCL11/SLN/TMEM37/P2RY6/CCL19/XCR1/CHRNA9/CATSPER1/LCK/GAS6/ANO9/CXCR3/PLCG2/RYR3/LYN,39
GO:0014911,positive regulation of smooth muscle cell migration,10/1424,53/21338,0.18867924528301888,2.8272736909052365,3.561616303752207,0.0023663124878364958,0.013591568719035971,0.009534497794405624,NRP1/CCN4/POSTN/ADAMTS1/DDR2/S100A11/ITGA2/PDGFD/AIF1/CCL5,10
GO:0062197,cellular response to chemical stress,39/1424,365/21338,0.10684931506849316,1.6010889641372943,3.097400257748805,0.0025205849971894016,0.01437330497367427,0.010082886486670165,WNT16/ALDH3B1/MGST1/ALOX5/FAS/PTGS2/SLC4A11/PYCARD/RELB/CAV1/SOD3/IL18RAP/ERRFI1/TNFAIP3/RIPK3/GDF15/STK26/IL6/CASP1/CYP1B1/FBLN5/PML/TRPM2/LCN2/MMP3/PLA2R1/MAPK13/CYGB/NLRP3/DDR2/ZC3H12A/PRKCD/GPX8/CA3/FBP1/BDKRB2/PDGFD/MB/AIF1,39
GO:0051090,regulation of DNA-binding transcription factor activity,27/1424,227/21338,0.11894273127753303,1.7823033707865168,3.1686637035824505,0.0025536910073061148,0.01454710607762753,0.010204808118864593,LTF/ZIC2/ARHGEF5/BCL3/HCK/PYCARD/IL18R1/IL18RAP/CLU/RIPK3/HAVCR2/TLR2/CYP1B1/ESR2/IL18/NLRP3/DDR2/S100A12/NOD2/CMKLR1/NUPR1/PARP10/ROR1/NWD1/NTRK1/CARD16/ADORA3,27
GO:0046330,positive regulation of JNK cascade,17/1424,120/21338,0.14166666666666666,2.122811329588015,3.2982806623108747,0.0025595138819009605,0.014550337129451354,0.010207074704652052,WNT16/FCGR2B/GADD45B/PYCARD/DKK1/LTBR/GADD45A/SLAMF1/CCN2/PTK2B/IL1B/EDA2R/TNFRSF11A/FZD7/F2RL1/NOD2/CCL19,17
GO:0006883,intracellular sodium ion homeostasis,6/1424,22/21338,0.2727272727272727,4.086695607763023,3.873421068389617,0.0025768226569919876,0.014588821116323758,0.010234071256377607,SCNN1A/IL1A/ATP1B2/TMPRSS3/SCNN1G/SCNN1B,6
GO:0098761,cellular response to interleukin-7,6/1424,22/21338,0.2727272727272727,4.086695607763023,3.873421068389617,0.0025768226569919876,0.014588821116323758,0.010234071256377607,JAK3/STAT5A/LSP1/TSLP/IL2RG/IL7R,6
GO:0051043,regulation of membrane protein ectodomain proteolysis,8/1424,37/21338,0.21621621621621623,3.239902824172487,3.6464684897387905,0.0026095563945724245,0.014698996700658714,0.010311359528802536,TNFRSF1B/TIMP1/IL1B/IL10/FURIN/ADAM8/PACSIN3/ADAM9,8
GO:0002418,immune response to tumor cell,10/1424,54/21338,0.18518518518518517,2.7749167707032876,3.4921321467448925,0.0027336662399476096,0.015320151792095055,0.010747100389310335,GZMB/TGFB1/NKG7/CRTAM/CD274/HAVCR2/MR1/PRF1/HLA-DRB1/MICA,10
GO:0048511,rhythmic process,35/1424,321/21338,0.10903426791277258,1.6338295005075432,3.0597223916299527,0.0029307428161538212,0.01626004305916203,0.011406434966361777,NOS2/CA12/AFP/OPRK1/RELB/RETN/NAMPT/TGFB3/EGR1/BHLHE41/MMP19/TNFAIP6/EREG/NR1D1/STAT5A/ASS1/SERPINF1/BHLHE40/NGF/MTTP/PML/TNFRSF11A/COL6A1/HTR7/ADAMTS1/ADORA1/PTX3/NPAS2/CAVIN3/EGR3/GPR157/NPY2R/CLDN4/NTRK1/RORB,35
GO:2000351,regulation of endothelial cell apoptotic process,13/1424,82/21338,0.15853658536585366,2.3755994793094,3.337340970937111,0.0029358179275516334,0.016271895760614007,0.01141474964718985,ICAM1/CD40/TGFB1/SERPINE1/GATA3/CCL2/F3/TNFAIP3/THBS1/ANGPT1/ANGPTL4/CD248/GAS6,13
GO:0009072,aromatic amino acid metabolic process,9/1424,46/21338,0.1956521739130435,2.9317598925256476,3.507246204392474,0.00297974242167961,0.01629908704643518,0.011433824358876804,HAL/FAH/HGD/KYNU/IDO1/HDC/TDO2/HPD/TAT,9
GO:0048483,autonomic nervous system development,9/1424,46/21338,0.1956521739130435,2.9317598925256476,3.507246204392474,0.00297974242167961,0.01629908704643518,0.011433824358876804,TP63/NRP1/GATA3/FN1/NRP2/EGR2/HLX/VCAM1/NTRK1,9
GO:0002536,respiratory burst involved in inflammatory response,4/1424,10/21338,0.4,5.9938202247191015,4.223769985401896,0.0029937098656717676,0.01629908704643518,0.011433824358876804,LBP/NCF1/SLAMF8/S100A9,4
GO:0044351,macropinocytosis,4/1424,10/21338,0.4,5.9938202247191015,4.223769985401896,0.0029937098656717676,0.01629908704643518,0.011433824358876804,CARMIL1/PYCARD/KCNN4/DOCK2,4
GO:0070292,N-acylphosphatidylethanolamine metabolic process,4/1424,10/21338,0.4,5.9938202247191015,4.223769985401896,0.0029937098656717676,0.01629908704643518,0.011433824358876804,PLAAT4/NAAA/PLAAT5/PLAAT3,4
GO:0070383,DNA cytosine deamination,4/1424,10/21338,0.4,5.9938202247191015,4.223769985401896,0.0029937098656717676,0.01629908704643518,0.011433824358876804,APOBEC3A/APOBEC3F/APOBEC3G/APOBEC3C,4
GO:0035458,cellular response to interferon-beta,7/1424,30/21338,0.23333333333333334,3.4963951310861425,3.6588535951488175,0.003033652350133861,0.016435746636684137,0.011529691185491757,OAS1/TRIM6/IRF1/MNDA/PYHIN1/STING1/IFITM2,7
GO:0045830,positive regulation of isotype switching,7/1424,30/21338,0.23333333333333334,3.4963951310861425,3.6588535951488175,0.003033652350133861,0.016435746636684137,0.011529691185491757,PTPRC/CD40/TGFB1/TNFSF4/TNFSF13/STAT6/CLCF1,7
GO:0070141,response to UV-A,5/1424,16/21338,0.3125,4.682672050561798,3.940501430050687,0.003084363277595582,0.016564616360860075,0.011620093413985092,TIMP1/EGFR/MMP3/MME/MMP1,5
GO:0070741,response to interleukin-6,11/1424,64/21338,0.171875,2.575469627808989,3.375342646151837,0.003163163492836369,0.016922160637521715,0.011870911048630771,SPI1/SELPLG/FOXA2/CHI3L1/IL6/YAP1/STAT4/LCN2/CAMP/SOCS3/FCAR,11
GO:0072376,protein activation cascade,6/1424,23/21338,0.2608695652173913,3.909013190034196,3.732582037955136,0.0032918780788401608,0.01750087317907541,0.012276878421867867,MVP/FBLN1/FN1/F13A1/THBS1/THBD,6
GO:1900119,positive regulation of execution phase of apoptosis,6/1424,23/21338,0.2608695652173913,3.909013190034196,3.732582037955136,0.0032918780788401608,0.01750087317907541,0.012276878421867867,CASP8/TNFRSF1A/FAP/ZC3H12A/DLC1/CXCR3,6
GO:0007266,Rho protein signal transduction,21/1424,165/21338,0.12727272727272726,1.9071246169560774,3.1279524893510717,0.003296624656993977,0.01750087317907541,0.012276878421867867,ITGA3/WAS/CELSR1/ARHGAP4/NRP1/RHOJ/ARHGAP29/ERBB2/AGTR1/F11R/PDPN/F2RL1/COL1A2/DLC1/CDC42EP5/COL3A1/CCL19/RHOD/P2RY8/ARHGAP30/KANK2,21
GO:0120254,olefinic compound metabolic process,24/1424,198/21338,0.12121212121212122,1.8163091590057883,3.085866933677293,0.003361802274107806,0.017829788497830384,0.012507612816553543,ALOX5/HSD17B6/PTGS2/AFP/PTGS1/BMP5/EGR1/RDH10/LRAT/RDH5/CYP19A1/CYP1B1/CYP11A1/ADM/PLB1/ALDH1A1/CYP2S1/SCNN1B/CYP4F11/ALOX15B/ALDH1A3/CYP4F3/ADH1B/ELOVL2,24
GO:0051851,host-mediated perturbation of symbiont process,19/1424,145/21338,0.1310344827586207,1.963492832235568,3.112996927572277,0.0036454678323160376,0.019187219950127284,0.013459852212573724,LTF/CD74/FCN1/CCL8/SLPI/POU2F3/IFITM3/FCN3/STOM/HMGA2/PTX3/ZC3H12A/NOD2/LRRC15/NLRP6/CSF1R/IFITM2/IFITM1/CCL5,19
GO:0002092,positive regulation of receptor internalization,7/1424,31/21338,0.22580645161290322,3.383608191373686,3.5513786955774034,0.0036962710143812055,0.019307785477951638,0.013544429039788133,SELE/HAMP/SFRP4/CD63/EGF/ANGPT1/PLCG2,7
GO:0060561,apoptotic process involved in morphogenesis,7/1424,31/21338,0.22580645161290322,3.383608191373686,3.5513786955774034,0.0036962710143812055,0.019307785477951638,0.013544429039788133,TNFRSF1B/SPI1/TNFRSF1A/VDR/PML/CCN1/FOXC2,7
GO:0071276,cellular response to cadmium ion,7/1424,31/21338,0.22580645161290322,3.383608191373686,3.5513786955774034,0.0036962710143812055,0.019307785477951638,0.013544429039788133,SLC11A1/HMOX1/MT2A/SLC39A8/CYBB/MT1E/MT1A,7
GO:0170040,proteinogenic amino acid catabolic process,14/1424,94/21338,0.14893617021276595,2.231741573033708,3.2004260891098384,0.0037302942850492996,0.019448813047380387,0.013643360007762829,NOS2/HAL/FAH/HGD/KYNU/IDO1/SDS/HDC/MAT1A/TDO2/HPD/PIPOX/TAT/DDO,14
GO:0006979,response to oxidative stress,46/1424,460/21338,0.1,1.4984550561797754,2.890033632102427,0.004035221800733675,0.02095526285608059,0.01470013591607414,WNT16/ALDH3B1/MGST1/ALOX5/PTGS2/SLC4A11/PTGS1/HMOX1/COL1A1/AREG/SOD3/VNN1/IL18RAP/PRDX6/TNFAIP3/DUSP1/RIPK3/STK26/IL6/CYP1B1/FBLN5/PML/COL6A1/TRPM2/LCN2/MMP3/PLA2R1/MAPK13/RBPMS/MMP14/RCAN1/CYGB/DDR2/ZC3H12A/PRKCD/GPX8/CA3/ADAM9/RGS14/PDGFD/RCAN2/PLK3/MB/TAT/AIF1/HP,46
GO:1900024,regulation of substrate adhesion-dependent cell spreading,11/1424,66/21338,0.16666666666666666,2.4974250936329585,3.258031914372366,0.004045724398257206,0.02095526285608059,0.01470013591607414,FBLN1/CARMIL1/CASS4/NRP1/GBP1/RREB1/POSTN/PDPN/MYADM/TACSTD2/S100A10,11
GO:0001660,fever generation,5/1424,17/21338,0.29411764705882354,4.407220753469927,3.7580570597445466,0.004131941215295046,0.02105470398489434,0.014769893958206536,PTGS2/IL1A/IL1B/TNFRSF11A/PTGES,5
GO:0090399,replicative senescence,5/1424,17/21338,0.29411764705882354,4.407220753469927,3.7580570597445466,0.004131941215295046,0.02105470398489434,0.014769893958206536,WNT16/SERPINE1/CDKN1A/PLA2R1/MME,5
GO:0098801,regulation of renal system process,6/1424,24/21338,0.25,3.7461376404494384,3.599464236951032,0.00414477647526365,0.02105470398489434,0.014769893958206536,CYBA/AGTR1/ADORA1/F2RL1/GAS6/GJA5,6
GO:0034694,response to prostaglandin,8/1424,40/21338,0.2,2.9969101123595507,3.380348857060841,0.004352388895294022,0.021928277810048226,0.01538270678955504,TNC/TNFSF4/PTGFR/PTGER2/IGFBP7/PTGER4/P2RY6/CCL19,8
GO:0033212,iron import into cell,4/1424,11/21338,0.36363636363636365,5.4489274770173655,3.9466553851576838,0.004457470578204266,0.022124579850599357,0.015520412849198527,CYBRD1/SLC39A8/LCN2/STEAP2,4
GO:0045136,development of secondary sexual characteristics,4/1424,11/21338,0.36363636363636365,5.4489274770173655,3.9466553851576838,0.004457470578204266,0.022124579850599357,0.015520412849198527,B4GALT1/TGFB1/AREG/STAT5A,4
GO:0070278,extracellular matrix constituent secretion,4/1424,11/21338,0.36363636363636365,5.4489274770173655,3.9466553851576838,0.004457470578204266,0.022124579850599357,0.015520412849198527,TNFRSF1B/TNFRSF1A/ADTRP/CREB3L1,4
GO:0044060,regulation of endocrine process,9/1424,49/21338,0.1836734693877551,2.752264388901628,3.2836923849787016,0.0046439070165790585,0.02285627835626511,0.01603370001513612,OPRK1/RETN/SPP1/CYP19A1/AGTR1/GJA1/F2RL1/C1QTNF1/GJA5,9
GO:0044319,"wound healing, spreading of cells",9/1424,49/21338,0.1836734693877551,2.752264388901628,3.2836923849787016,0.0046439070165790585,0.02285627835626511,0.01603370001513612,CD44/ITGB5/HBEGF/RREB1/COL5A1/ITGA5/PDPN/LRG1/CD151,9
GO:0097242,amyloid-beta clearance,9/1424,49/21338,0.1836734693877551,2.752264388901628,3.2836923849787016,0.0046439070165790585,0.02285627835626511,0.01603370001513612,TYROBP/MARCO/MSR1/CLU/C3/ITGB2/ITGAM/MME/C5AR1,9
GO:0019233,sensory perception of pain,14/1424,97/21338,0.14432989690721648,2.1627186377852428,3.069131125134424,0.004973405170935048,0.024391270532743457,0.01711049842035367,ACP3/OPRK1/CXCL12/CCL2/HOXB8/CCR2/ANO1/NGF/PTGES/ADORA1/ITGA2/FABP5/MME/NTRK1,14
GO:0007498,mesoderm development,20/1424,160/21338,0.125,1.8730688202247192,2.96420625793183,0.004989761593497843,0.024449831808139436,0.017151579208204048,ITGA3/TP63/HCK/FOXF1/DKK1/TWSG1/ITGB4/YAP1/SECTM1/EPHA2/SFRP2/CRB2/HMGA2/GJA1/IKZF3/ITGA2/SHH/FOXC2/IRX3/IKZF1,20
GO:0006699,bile acid biosynthetic process,8/1424,41/21338,0.1951219512195122,2.9238147437654156,3.2971475570967965,0.00509739809182181,0.024911114946529003,0.017475169748522767,OSBPL3/ABCB11/HSD3B7/ERRFI1/NR1D1/CYP27A1/ACOX2/CES1,8
GO:0007517,muscle organ development,40/1424,393/21338,0.10178117048346055,1.5251450953483718,2.809815658471582,0.00521497432438673,0.025351459907049453,0.017784072138059274,MCUB/KLF5/JPH1/TGFB1/CAV1/WNT2/MEOX2/ENG/HBEGF/LOX/EGR1/EGR2/FGFRL1/LIF/ASS1/ITGA7/CD164/HLX/ITGA11/STRA6/CHRNA1/COL6A1/DMRTA2/TAGLN/CTF1/CHODL/FZD1/RCAN1/ATF3/COL6A3/TCF23/SHH/COL3A1/VAMP5/CXCL10/EFEMP2/NUPR1/FOXC2/EGR3/LAMA2,40
GO:0034110,regulation of homotypic cell-cell adhesion,9/1424,50/21338,0.18,2.6972191011235953,3.2129051455772966,0.00533512316871115,0.02573220991738122,0.018051168615939982,PLAUR/IL6/EMILIN1/F11R/PDPN/PRKCD/C1QTNF1/LYN/CCL5,9
GO:0006879,intracellular iron ion homeostasis,12/1424,78/21338,0.15384615384615385,2.3053154710458084,3.088329135108894,0.005361150188359261,0.025790346301429387,0.01809195134212417,CYB561/HFE/SLC11A1/CP/CYBRD1/HMOX1/HAMP/SLC39A8/LCN2/FRRS1/STEAP2/SCARA5,12
GO:0097006,regulation of plasma lipoprotein particle levels,16/1424,119/21338,0.13445378151260504,2.014729487300538,2.9682722162524975,0.005663230168159208,0.02700887634892122,0.018946751276583237,MSR1/APOB/PCSK5/HMOX1/PLTP/LIPG/PLA2G5/MTTP/FURIN/AGTR1/RBM47/LIPC/ANGPTL4/CES3/ANXA2/PLA2G2A,16
GO:0034308,primary alcohol metabolic process,17/1424,130/21338,0.13076923076923078,1.9595181503889372,2.934387304116783,0.005878464148239017,0.027915142357460922,0.019582497704253837,ALDH3B1/ACP3/HSD17B6/BMP5/RDH10/LRAT/RDH5/CYP1B1/NAAA/CYP11A1/PLB1/ALDH1A1/SCNN1B/SULT1B1/ALDH1A3/SULT1A1/ADH1B,17
GO:1901071,glucosamine-containing compound metabolic process,6/1424,26/21338,0.23076923076923078,3.4579732065687123,3.3534677690993697,0.006323898501238891,0.029496195308547808,0.02069160778467181,HEXB/CHI3L2/CHI3L1/CHIT1/CHST7/CHST2,6
GO:0019065,receptor-mediated endocytosis of virus by host cell,4/1424,12/21338,0.3333333333333333,4.994850187265917,3.701509256074302,0.0063361333621649,0.029496195308547808,0.02069160778467181,SIGLEC1/CAV1/CTSL/DPP4,4
GO:0071492,cellular response to UV-A,4/1424,12/21338,0.3333333333333333,4.994850187265917,3.701509256074302,0.0063361333621649,0.029496195308547808,0.02069160778467181,TIMP1/MMP3/MME/MMP1,4
GO:0060325,face morphogenesis,7/1424,34/21338,0.20588235294117646,3.085054527428949,3.2536341713334114,0.006349912372726925,0.029496195308547808,0.02069160778467181,CRISPLD2/TGFB1/DKK1/COL1A1/TGFB3/RRAS/STRA6,7
GO:0097205,renal filtration,7/1424,34/21338,0.20588235294117646,3.085054527428949,3.2536341713334114,0.006349912372726925,0.029496195308547808,0.02069160778467181,ITGA3/CYBA/JCHAIN/ADORA1/F2RL1/GAS6/GJA5,7
GO:0035924,cellular response to vascular endothelial growth factor stimulus,14/1424,100/21338,0.14,2.0978370786516853,2.942547677135605,0.006530885503054266,0.030260680360176963,0.021227894742365333,DCN/NRP1/HSPB1/NRP2/ANXA1/CD63/SPRY2/EMILIN1/VEGFC/ADAMTS12/ANGPT1/ITGA5/VCAM1/EGR3,14
GO:0140353,lipid export from cell,10/1424,61/21338,0.16393442622950818,2.456483698655369,3.046195490209744,0.006754767731369672,0.031167624107161562,0.021864116604170255,NOS2/PTGS2/RETN/SPP1/IL1B/CYP19A1/TNFRSF11A/AGTR1/PTGES/C1QTNF1,10
GO:1990845,adaptive thermogenesis,22/1424,187/21338,0.11764705882352941,1.762888301387971,2.8019393324121515,0.006880863114397782,0.03161770876715395,0.02217985140172773,IL4R/SCTR/CAV1/PRLR/IL18R1/CCR2/CXCR4/G0S2/NR1D1/LCN2/IL18/GJA1/IL15/FABP5/ALDH1A1/STAT6/SLN/CEBPB/CMKLR1/FOXC2/OXTR/GPR3,22
GO:0032310,prostaglandin secretion,5/1424,19/21338,0.2631578947368421,3.943302779420461,3.4321854674277175,0.006945341466419401,0.03163796346661911,0.022194060091789116,NOS2/PTGS2/IL1B/TNFRSF11A/PTGES,5
GO:0055091,phospholipid homeostasis,5/1424,19/21338,0.2631578947368421,3.943302779420461,3.4321854674277175,0.006945341466419401,0.03163796346661911,0.022194060091789116,ABCB11/LIPG/TGFB1/RCN3/TLCD2,5
GO:0097396,response to interleukin-17,5/1424,19/21338,0.2631578947368421,3.943302779420461,3.4321854674277175,0.006945341466419401,0.03163796346661911,0.022194060091789116,IL1B/NFKBIZ/CXCL10/SOCS3/IKBKE,5
GO:0097398,cellular response to interleukin-17,5/1424,19/21338,0.2631578947368421,3.943302779420461,3.4321854674277175,0.006945341466419401,0.03163796346661911,0.022194060091789116,IL1B/NFKBIZ/CXCL10/SOCS3/IKBKE,5
GO:0003351,epithelial cilium movement involved in extracellular fluid movement,9/1424,52/21338,0.17307692307692307,2.593479904926534,3.0764060432796203,0.006953838096239021,0.03163796346661911,0.022194060091789116,DNAH5/ROPN1L/SPEF2/SPAG17/DRC1/CFAP221/DNAAF3/GMNC/CFAP45,9
GO:0001516,prostaglandin biosynthetic process,7/1424,35/21338,0.2,2.9969101123595507,3.1616557183035643,0.007489569568529616,0.033770152036603,0.023689792309167058,CD74/TBXAS1/PTGS2/PTGS1/IL1B/PTGES/FABP5,7
GO:0010644,cell communication by electrical coupling,7/1424,35/21338,0.2,2.9969101123595507,3.1616557183035643,0.007489569568529616,0.033770152036603,0.023689792309167058,CAV1/ATP1B2/GJA1/GJB2/IRX3/GJD3/GJA5,7
GO:0015849,organic acid transport,39/1424,390/21338,0.1,1.4984550561797754,2.656620064979086,0.00765545358431284,0.03432170318899557,0.02407670594325136,CROT/NOS2/SLC11A1/ABCB11/PTGS2/SLC26A4/SLC7A8/ABCC3/FOLR1/FOLR3/SLC16A10/RGS2/RGS4/IL1B/PLA2G5/SLC7A10/ANXA1/SLCO2B1/THBS1/SLC16A3/TNFRSF11A/SLC47A1/CRABP2/SLC27A3/PTGES/GJA1/PLA2R1/SLC7A7/ADORA1/FABP5/BDKRB2/SLC16A4/SLC16A5/EMB/SLC16A11/PLA2G2C/PLA2G2A/CES1/LYN,39
GO:0006706,steroid catabolic process,6/1424,27/21338,0.2222222222222222,3.329900124843945,3.239363571929828,0.007680077704743635,0.03432170318899557,0.02407670594325136,HSD17B6/HSD11B1/SPP1/CYP27A1/CYP19A1/CYP1B1,6
GO:0086064,cell communication by electrical coupling involved in cardiac conduction,6/1424,27/21338,0.2222222222222222,3.329900124843945,3.239363571929828,0.007680077704743635,0.03432170318899557,0.02407670594325136,CAV1/ATP1B2/GJA1/IRX3/GJD3/GJA5,6
GO:0017038,protein import,4/1424,13/21338,0.3076923076923077,4.610630942091617,3.482191713560339,0.008674228418435516,0.038088186164058256,0.026718897169353526,ARHGEF5/CLU/PRF1/FCGR3A,4
GO:0072182,regulation of nephron tubule epithelial cell differentiation,4/1424,13/21338,0.3076923076923077,4.610630942091617,3.482191713560339,0.008674228418435516,0.038088186164058256,0.026718897169353526,WWTR1/GATA3/LIF/YAP1,4
GO:2000833,positive regulation of steroid hormone secretion,4/1424,13/21338,0.3076923076923077,4.610630942091617,3.482191713560339,0.008674228418435516,0.038088186164058256,0.026718897169353526,RETN/SPP1/CYP19A1/C1QTNF1,4
GO:0006693,prostaglandin metabolic process,9/1424,54/21338,0.16666666666666666,2.4974250936329585,2.9461698673037673,0.008923901480468817,0.038937464536923434,0.027314666718866856,CD74/TBXAS1/TNFRSF1A/PTGS2/PTGS1/IL1B/PTGES/FABP5/CYP2S1,9
GO:0051781,positive regulation of cell division,14/1424,104/21338,0.1346153846153846,2.017151037165082,2.7805366975473964,0.009187842824212523,0.03999456424344712,0.028056223122595342,OSM/TGFB1/THBS4/FGF1/IL1A/TGFB3/EREG/IL1B/FGF5/PROK1/VEGFC/PPBP/SHH/PDGFD,14
GO:0071230,cellular response to amino acid stimulus,14/1424,104/21338,0.1346153846153846,2.017151037165082,2.7805366975473964,0.009187842824212523,0.03999456424344712,0.028056223122595342,CYBA/COL1A1/ASS1/COL6A1/EGFR/MMP3/COL1A2/CYBB/COL3A1/PDGFD/CEBPB/SOCS1/COL4A6/COL5A2,14
GO:0140962,multicellular organismal-level chemical homeostasis,12/1424,84/21338,0.14285714285714285,2.1406500802568216,2.8010067934390777,0.009676877937723614,0.04191041139507946,0.02940019163861168,HFE/SLC11A1/CYBRD1/OAS1/HEPH/HMOX1/TGFB1/HAMP/SCNN1A/RCN3/SCNN1G/SCNN1B,12
GO:0006858,extracellular transport,9/1424,55/21338,0.16363636363636364,2.452017364657814,2.8832291107481534,0.010054516083748318,0.043324401210672714,0.03039210677782617,DNAH5/ROPN1L/SPEF2/SPAG17/DRC1/CFAP221/DNAAF3/GMNC/CFAP45,9
GO:0060324,face development,9/1424,55/21338,0.16363636363636364,2.452017364657814,2.8832291107481534,0.010054516083748318,0.043324401210672714,0.03039210677782617,CRISPLD2/TGFB1/DKK1/COL1A1/TGFB3/HOXB3/RRAS/STRA6/ALDH1A3,9
GO:0034114,regulation of heterotypic cell-cell adhesion,7/1424,37/21338,0.1891891891891892,2.8349149711509263,2.9871651356677638,0.010211787996044283,0.04383152723573426,0.030747856144760024,CD44/IL1B/IL10/IL1RN/SKAP1/MYADM/LCK,7
GO:0001765,membrane raft assembly,5/1424,21/21338,0.23809523809523808,3.5677501337613693,3.1480512001524423,0.010877036101990534,0.04622114266824374,0.03242417353988373,CAV1/IQGAP1/COL6A1/ANXA2/S100A10,5
GO:0006968,cellular defense response,19/1424,161/21338,0.11801242236024845,1.7683631097773744,2.6169151843974428,0.011099226954430616,0.04694913647569314,0.032934861856659545,TYROBP/TCIRG1/NCF2/PTK2B/CCR2/LBP/LSP1/LILRB2/DCDC2/LY96/NCF1/CCR5/MNDA/CD300C/FOSL1/PRF1/SH2D1A/C5AR1/CLEC5A,19
GO:0031032,actomyosin structure organization,25/1424,230/21338,0.10869565217391304,1.6287554958475818,2.5636845805056407,0.011126724993165181,0.047029523883324896,0.0329912536960864,WAS/ARHGEF5/CNN2/CARMIL1/ITGB5/NRP1/MYL9/CCN2/TGFB3/SDC4/CGNL1/CNN1/MYBPH/GPR65/IQGAP1/MYOM3/F11R/CSRP1/DLC1/PTGER4/SYNPO/CSRP2/TACSTD2/MYBPC1/S100A10,25
